ds,yhat,yhat_lower,yhat_upper,Actual Customers
2016-10-03,63.13125989534376,2.2658016890267882,118.28079043326052,8.0
2016-10-04,57.95117977763555,-1.8819885511857488,114.70812987826167,53.0
2016-10-05,50.31912223570762,-9.861340178305507,108.5468461852838,35.0
2016-10-06,41.3678446356898,-17.264344202036334,100.71406298455588,41.0
2016-10-07,32.46423406963988,-29.063762578819254,93.67324743794478,39.0
2016-10-08,-1.3671435125426967,-60.92170849211628,55.34284155007321,35.0
2016-10-09,6.834981555284934,-50.23614244726358,66.95152626361369,22.0
2016-10-10,44.39846102077947,-14.043981298527415,105.48261080908391,33.0
2016-10-11,40.1694291966743,-19.03727867459223,97.34007841623644,0.0
2016-10-12,33.377193650002425,-29.56092942915645,94.60622622098293,0.0
2016-10-13,25.130216531557103,-33.50952326515915,81.30166385528936,0.0
2016-10-14,16.77702876120854,-39.72656907310407,77.69209081154267,0.0
2016-10-15,-16.669519068338403,-74.27197217079083,42.85420598958375,0.0
2016-10-16,-8.252733448126492,-67.5618497774387,56.442925616155485,0.0
2016-10-17,29.358078346169272,-31.93186068489719,88.33320563946215,0.0
2016-10-18,25.0193553604554,-35.17134195755901,82.79332785466653,0.0
2016-10-19,17.977984678370035,-39.51673131805347,75.19102591659018,0.0
2016-10-20,9.366860637644123,-53.76834376114052,70.44001380712213,0.0
2016-10-21,0.5651529687929724,-59.50236033235714,62.44485485557412,0.0
2016-10-22,-33.37829653001238,-90.43029248592502,20.78389022415599,0.0
2016-10-23,-25.466491236423522,-87.24811921899128,32.69477006777712,0.0
2016-10-24,11.67467739191008,-47.86743001498888,71.7249136502658,0.0
2016-10-25,6.946851448765159,-52.988465023661945,66.16860847846205,0.0
2016-10-26,-0.5781911798907657,-55.241413890077354,59.91862142490347,0.0
2016-10-27,-9.502390390612632,-65.98612542481159,49.458088687399446,0.0
2016-10-28,-18.40466251230073,-81.81257508528172,34.31298407591651,0.0
2016-10-29,-52.198259744754225,-109.40846452524033,4.947187800539773,0.0
2016-10-30,-43.85365184366715,-104.20756515967533,12.334424467323545,0.0
2016-10-31,-5.970816933613094,-65.74992766962924,50.105978672375635,0.0
2016-11-01,-9.629913238709918,-74.4418047841863,48.72394666240176,0.0
2016-11-02,-15.5288971314003,-73.48901629737281,43.16195409245538,0.0
2016-11-03,-22.490115442877396,-85.93293965660398,34.852329194169535,0.0
2016-11-04,-29.101955017748665,-83.73534869522571,33.226357179396466,0.0
2016-11-05,-60.297069743326546,-121.20241896049892,0.058048156994221875,0.0
2016-11-06,-49.07517452325109,-110.12544234295316,12.518036469646768,0.0
2016-11-07,-8.074973679602408,-70.22697645477149,50.70416775198704,0.0
2016-11-08,-8.424199387205562,-66.07763392240028,51.97486126272328,0.0
2016-11-09,-10.876336773527385,-69.1270179163367,50.843230466059204,0.0
2016-11-10,-14.316082066568555,-71.7481365640661,45.85476487705328,0.0
2016-11-11,-17.399642010004968,-72.58081109199018,40.52711814310814,0.0
2016-11-12,-45.13142620686638,-103.40626051757542,13.681022658501341,0.0
2016-11-13,-30.585158720669696,-92.26367634707229,25.586136282781975,0.0
2016-11-14,13.525982225016108,-48.131858071727436,74.92148194225,0.0
2016-11-15,16.001176034790774,-41.97027483923275,72.09488275403604,0.0
2016-11-16,16.017099287454528,-41.95420655093189,73.7279074786146,0.0
2016-11-17,14.624297756392863,-48.614851238042334,74.02825169953653,0.0
2016-11-18,13.108638380039281,-45.82005690389055,69.4974483842417,0.0
2016-11-19,-13.58376429959192,-74.2094853968158,44.69346555113665,0.0
2016-11-20,1.4337899744293452,-58.052315368545635,61.35093101838424,0.0
2016-11-21,45.41968455371686,-13.442535276412377,101.20224428403124,0.0
2016-11-22,47.15678792711975,-12.614899885902185,107.34221721222433,0.0
2016-11-23,45.81830769907667,-13.75133122808522,105.65320544294438,0.0
2016-11-24,42.46457970364685,-16.74627279903312,99.20847454731195,0.0
2016-11-25,38.40462120030659,-19.557221218056743,98.40637776903581,0.0
2016-11-26,8.620842949563283,-50.83075662454854,68.20010112754062,0.0
2016-11-27,20.04885108529551,-39.56152987385441,80.89077187901636,0.0
2016-11-28,60.00769918143657,6.19605592536509,116.17549286178998,0.0
2016-11-29,57.35155224234596,-0.40485283899036867,118.56490762009606,0.0
2016-11-30,51.334134500136216,-5.2342819779090455,107.82557519736034,0.0
2016-12-01,43.103875786699035,-15.51950108891622,105.94205087337254,0.0
2016-12-02,34.06362317550159,-27.09550473939107,92.95525855864149,0.0
2016-12-03,-0.7066443036101901,-57.64136418415294,59.851875599272944,0.0
2016-12-04,5.827880219116977,-54.50531688407507,63.95447325883682,0.0
2016-12-05,41.08491907445142,-12.714255667653468,103.01123587050633,0.0
2016-12-06,34.01460303288455,-22.307209733777643,88.89758305295028,0.0
2016-12-07,23.961793825397194,-34.60739421690886,84.10313199466417,0.0
2016-12-08,12.1592023481153,-49.46855678048167,72.97187350278173,0.0
2016-12-09,0.08521839265026188,-58.44143063625933,61.811503094900736,0.0
2016-12-10,-37.135078717433686,-96.96807723988495,18.98447855249908,0.0
2016-12-11,-32.393639044466056,-94.30823529327915,24.94579432962462,0.0
2016-12-12,1.767414533956071,-57.14416764534452,59.90401140819878,0.0
2016-12-13,-5.675598400966294,-64.32573529843859,51.61455369035108,0.0
2016-12-14,-15.366166649305853,-79.61265774130183,36.90586307820732,0.0
2016-12-15,-26.074710544438545,-84.79943991337073,28.404283577390885,0.0
2016-12-16,-36.34065618886177,-87.56598019071959,24.543558537852746,0.0
2016-12-17,-71.05098023421246,-131.51433717993964,-12.369544628139886,0.0
2016-12-18,-63.163217236394985,-123.13081193093835,-2.8460078504552655,0.0
2016-12-19,-25.27750275840785,-83.72939063636046,35.72134874291722,0.0
2016-12-20,-28.486636335026304,-86.49532862268168,31.569300406391864,0.0
2016-12-21,-33.51275189068204,-95.13342226626656,20.44311949128249,0.0
2016-12-22,-39.21265494770918,-99.56149387531205,17.594116385920106,0.0
2016-12-23,-44.2179492920622,-103.94501049206099,14.46381133868375,1.0
2016-12-24,-73.51152016374044,-133.72707298595802,-17.133417051796048,0.0
2016-12-25,-60.14841609641303,-118.92036569690192,1.6647505097263213,0.0
2016-12-26,-16.82575387931783,-74.68708077299532,42.26825532785853,0.0
2016-12-27,-14.730681957897445,-68.67965262650581,47.81323759520187,0.0
2016-12-28,-14.675039676640978,-74.79615583863183,45.1495559611204,0.0
2016-12-29,-15.598818868591906,-76.64940196557704,42.29560398181741,0.0
2016-12-30,-16.208593815055025,-71.8535955025141,46.044753838507496,0.0
2016-12-31,-41.55252511336181,-99.78750279195683,20.146263254730915,0.0
2017-01-01,-26.37709702205794,-84.94662118336477,31.240379295544887,0.0
2017-01-02,18.215185094832435,-40.2304244121762,74.87181059859633,0.0
2017-01-03,21.007235178457364,-36.30297193178276,75.88990000329792,0.0
2017-01-04,21.170163885205525,-37.215267943404925,81.23510956460127,0.0
2017-01-05,19.75985907126166,-37.33657190727251,82.19456474661591,18.0
2017-01-06,18.07829241098669,-38.14697683982026,76.63368356620586,4.0
2017-01-07,-8.902041496145955,-63.27836029424279,49.90196185051651,4.0
2017-01-08,5.7413907761028895,-51.53791891755817,67.856893343262,4.0
2017-01-09,49.31112934051775,-6.543043544882838,108.17758068320695,5.0
2017-01-10,50.64111818810704,-6.633027310736774,109.7714926646877,6.0
2017-01-11,48.96091956519167,-11.012899282343655,106.4650633620973,10.0
2017-01-12,45.39067605044626,-13.39992914272737,104.12594394176796,12.0
2017-01-13,41.30070198350694,-15.47470861517825,99.21538953035459,10.0
2017-01-14,11.734155670976804,-46.80352449772344,62.84407428784504,15.0
2017-01-15,23.684782245168634,-33.94918229938411,82.28672706320913,13.0
2017-01-16,64.52514721156383,4.736875861644205,115.17195612157833,17.0
2017-01-17,63.15638107762784,10.674683250858873,121.68339028315243,30.0
2017-01-18,58.87086297950076,-0.13865505557473368,115.49482145282715,30.0
2017-01-19,52.845809936219425,-8.789876338225644,109.32542608555666,26.0
2017-01-20,46.501684655079984,-8.813519413751166,101.97418302115076,27.0
2017-01-21,14.923899009428709,-40.80354198486683,74.78079034180465,20.0
2017-01-22,25.139822592943773,-37.58828046266183,80.48790874513347,30.0
2017-01-23,64.54652921569794,4.246619828356858,125.87905255667303,36.0
2017-01-24,62.06030852696733,1.9847646247874253,122.70895936975538,38.0
2017-01-25,56.979368704062935,0.3650545540860157,111.76260429055195,55.0
2017-01-26,50.47769072158499,-5.187988759914121,111.89438505600639,78.0
2017-01-27,43.96393270033171,-17.284385480341147,100.95581956476194,57.0
2017-01-28,12.503841901186945,-41.978535816564744,74.87552795576173,27.0
2017-01-29,23.098158828438784,-37.0885991523003,75.9606479803082,29.0
2017-01-30,63.111417004333276,4.736445293278082,121.26067296885232,46.0
2017-01-31,61.42263192029429,-0.07909204549827908,121.82068948726494,61.0
2017-02-01,57.289270713522725,-0.9818339362738293,115.1042515403684,59.0
2017-02-02,51.842424494015845,-2.0756394218014287,115.97883668442958,65.0
2017-02-03,46.447044596517685,-11.17634551125821,106.98868942505797,51.0
2017-02-04,16.12566280256324,-45.31038204992299,75.2364368693105,62.0
2017-02-05,27.837544101779443,-31.356958500355443,87.98647514174368,69.0
2017-02-06,68.90864211976385,11.47969713888557,127.43074455889686,72.0
2017-02-07,68.18332061848932,9.784963252265706,125.30435600435969,97.0
2017-02-08,64.88920662748346,11.801899502208295,129.0232992809023,79.0
2017-02-09,60.13307589857496,-0.8652728280754111,118.93345126440835,69.0
2017-02-10,55.261615982160535,0.19446429582411198,114.7907772595655,62.0
2017-02-11,25.2854766072672,-39.03547687016445,83.44507249932241,44.0
2017-02-12,37.15855136868777,-20.794282930809615,94.82980456352799,59.0
2017-02-13,78.20786210699387,17.496206406112275,137.97862319317917,72.0
2017-02-14,77.28501588804224,18.049381258181242,137.5918920297925,64.0
2017-02-15,73.6306146856039,12.560177912157641,131.86427583398913,56.0
2017-02-16,68.36953131740789,8.262535407849201,125.13787042522435,48.0
2017-02-17,62.870923013693954,5.522947076766308,124.38570003376306,41.0
2017-02-18,32.17141543211625,-28.185566754143622,93.7993794769856,41.0
2017-02-19,43.25342981681814,-17.529057120938653,101.96657550543686,36.0
2017-02-20,83.47405499233585,23.738619617152136,141.39192150759305,58.0
2017-02-21,81.71546600842777,23.478246542836146,145.17697052331775,39.0
2017-02-22,77.24829903416412,15.68361517254158,133.9303661862748,50.0
2017-02-23,71.22593151523533,12.036853727373785,130.04708104571796,55.0
2017-02-24,65.04356404471852,7.445521602590636,121.92415878677151,60.0
2017-02-25,33.760566096928244,-31.280605190418076,91.07423183154599,38.0
2017-02-26,44.37808189121809,-16.578936154333196,106.74592488487143,39.0
2017-02-27,84.26731833032399,26.87963317787175,144.66488209543655,40.0
2017-02-28,82.31953278705996,22.305862826599913,141.75970167620767,52.0
2017-03-01,77.80914160859221,21.358309215104697,136.5424929064292,90.0
2017-03-02,71.88790465918576,14.78731829368159,132.46313802925937,64.0
2017-03-03,65.94408358216545,5.844527389708644,125.97770641069121,67.0
2017-03-04,35.02503210639921,-24.863990220711965,88.01565070544098,66.0
2017-03-05,46.11520595149811,-13.181896736973986,105.71799248472877,63.0
2017-03-06,86.56500098155112,29.550111258234665,144.66707732584499,89.0
2017-03-07,85.24141993192032,25.814510011704837,139.66012800632848,77.0
2017-03-08,81.39196748977926,19.670801706947245,140.7119864314205,71.0
2017-03-09,76.13970516091018,18.111464677757873,138.63628964568312,86.0
2017-03-10,70.84333702566231,11.281336617334684,129.97372904705657,78.0
2017-03-11,40.52075722072597,-17.76396459470328,94.44658913604731,66.0
2017-03-12,52.128018097627574,-8.530251730528043,113.11518628764377,59.0
2017-03-13,92.98909941153293,32.87493140658351,155.5268093118768,102.0
2017-03-14,91.94745147349728,36.70865697426715,152.8458835779347,94.0
2017-03-15,88.23068638722759,26.35388490606783,143.12879387669193,99.0
2017-03-16,82.94632538696162,26.782357497029697,146.4594874074196,100.0
2017-03-17,77.44245344390708,17.53564243343195,133.05406728323763,64.0
2017-03-18,46.73169506572741,-9.429421641020063,108.805373507842,70.0
2017-03-19,57.77045779503205,1.9768500095131583,114.09020274323244,55.0
2017-03-20,97.88881549687474,40.52922613344445,162.04695994710264,108.0
2017-03-21,95.94200069329214,39.33971378786546,156.59261105565741,88.0
2017-03-22,91.17488101121572,31.5492652382225,150.4724044947905,99.0
2017-03-23,84.71733327048877,25.52100338462061,146.03843219382227,102.0
2017-03-24,77.94437626987518,18.792655483543395,133.69583202660442,72.0
2017-03-25,45.89949015893893,-16.187561900032584,105.55582395074633,69.0
2017-03-26,55.57308652801781,-4.196499350129844,113.92351576551087,62.0
2017-03-27,94.33152208402738,35.52034629294965,148.21996969958826,105.0
2017-03-28,91.06764851238952,29.618909652577354,145.78770579749167,94.0
2017-03-29,85.06429883872244,29.383646789208054,146.37683212461542,69.0
2017-03-30,77.48865027937092,20.369931096094238,138.43819746733303,69.0
2017-03-31,69.75135152502011,11.636889487762247,129.51677274421567,69.0
2017-04-01,36.92886934326119,-21.33635124473889,94.13640746549389,58.0
2017-04-02,46.04104379741394,-15.826721764234481,105.28828349794861,61.0
2017-04-03,84.4792696508215,26.168630537024516,141.46299024799708,63.0
2017-04-04,81.15631811660494,27.692260523816014,136.99678402045072,89.0
2017-04-05,75.36921836328096,16.09505410341893,133.123407263135,89.0
2017-04-06,68.29315450256746,9.278890927948027,125.7346078335291,88.0
2017-04-07,61.340278126392434,4.171748965705262,119.0967924179214,77.0
2017-04-08,29.581899093416055,-29.688298365619374,86.43355274480037,61.0
2017-04-09,40.0260484283312,-12.976571996472961,99.51112594430353,65.0
2017-04-10,80.04583011505686,21.005932725891107,139.81902087606045,82.0
2017-04-11,78.5295719042648,20.258947789315197,140.41518794670978,73.0
2017-04-12,74.74418617920601,11.878950708426093,132.78596128016272,60.0
2017-04-13,69.82968459430946,11.078264830305402,127.34643884591291,59.0
2017-04-14,65.15873118384741,6.089224131397907,125.04184843063871,45.0
2017-04-15,35.75967835387591,-23.298855604223476,98.32410694644763,47.0
2017-04-16,48.59505891916818,-8.454075739424043,106.57286853295098,47.0
2017-04-17,90.99092840686357,31.75422296143887,150.27429985509758,58.0
2017-04-18,91.78804392719978,38.77804567884916,151.40316738688878,71.0
2017-04-19,90.20626618523798,26.98799746647958,154.80810700557322,92.0
2017-04-20,87.34010385695461,33.66960643682288,141.97896066162318,85.0
2017-04-21,84.51926111178398,22.65393795533474,138.5646801127609,65.0
2017-04-22,57.037882433835094,-3.4135998236745597,117.48672395149661,75.0
2017-04-23,71.51808440429652,9.810385473901489,131.1431504859839,83.0
2017-04-24,115.25587468750393,57.856421723225054,178.48738515157493,107.0
2017-04-25,117.06770335167883,57.14285347975604,173.73727996080828,103.0
2017-04-26,116.1553822077725,60.562915182683234,172.62940508439848,119.0
2017-04-27,113.60200875116556,52.126931419131346,170.9625209715373,72.0
2017-04-28,110.73274870942691,53.22324446370248,173.46710755349181,93.0
2017-04-29,82.53889552303549,22.46760447208901,140.17512101400112,69.0
2017-04-30,95.95715897529317,37.21681570019843,152.9964684262917,66.0
2017-05-01,138.2995617779558,82.55020779184765,197.74771186009022,106.0
2017-05-02,138.40492077486277,79.91644745415579,201.1272011765131,117.0
2017-05-03,135.50329557544552,76.81776560848661,192.21911730130654,97.0
2017-05-04,130.71132589924474,71.48539355623149,184.90401989472758,103.0
2017-05-05,125.39232611110718,64.72913011674757,185.8703164361518,99.0
2017-05-06,94.57957161958976,36.29534705554451,152.26858337869257,99.0
2017-05-07,105.254747133613,44.379051052918015,164.94357777205857,99.0
2017-05-08,144.7769543490735,86.9286329073592,203.92009301200497,118.0
2017-05-09,142.03327501694503,83.26925160337278,201.0226958086561,118.0
2017-05-10,136.30229157479593,74.52757765159647,196.08172303575856,106.0
2017-05-11,128.7485056317736,70.0984013499978,187.49718993898284,121.0
2017-05-12,120.78154103675726,63.481786014640086,176.80644590508197,101.0
2017-05-13,87.47858331934307,30.54546167564794,142.1036548805072,64.0
2017-05-14,95.86203932743872,38.07145019589491,155.08745533110343,105.0
2017-05-15,133.32783771994195,76.11765892589932,191.3969014746303,143.0
2017-05-16,128.79535992424468,72.47451855987445,188.5781910622052,141.0
2017-05-17,121.57043191347981,66.82879801577926,183.4313200217024,138.0
2017-05-18,112.83931556465741,48.00920867804606,173.90511858798442,121.0
2017-05-19,104.0275935124581,39.788066625921864,164.03516586781427,131.0
2017-05-20,70.22240236529176,12.579567746377332,129.70783964169067,68.0
2017-05-21,78.45000079399198,22.367417715235952,138.23599556652863,138.0
2017-05-22,116.10408272446352,57.41707296686953,176.2850994736714,139.0
2017-05-23,112.09584030278302,49.81104856342452,174.16954952226732,116.0
2017-05-24,105.71718359658908,49.99414091660576,166.36336178782267,134.0
2017-05-25,98.1350582547478,37.60163954401332,155.29330461329988,98.0
2017-05-26,90.75074510287307,32.64716562622228,148.1243524618178,73.0
2017-05-27,58.622587251505465,-3.345735198114498,117.99676379575672,75.0
2017-05-28,68.74412098612551,10.161818914899682,128.0577719318618,98.0
2017-05-29,108.47300970197102,50.50258457811802,166.11009580957497,143.0
2017-05-30,106.68177408197258,45.04358316602276,167.50622212278168,95.0
2017-05-31,102.6217137153269,44.13993449214781,164.15592871570746,117.0
2017-06-01,97.41794951196081,41.482599252654765,158.57239213889727,118.0
2017-06-02,92.42945909819008,30.153321847544753,148.4580670033816,116.0
2017-06-03,62.672539207197616,3.1848367298541502,118.8118402192613,86.0
2017-06-04,75.09966013406645,16.679545127622525,133.9453085692842,93.0
2017-06-05,115.7043202557289,56.54711557492369,174.21027960219607,140.0
2017-06-06,114.64678638122938,53.31104511780823,172.1372113400654,121.0
2017-06-07,111.14430020242983,48.618344640513804,169.48264602438996,120.0
2017-06-08,106.29147685083726,45.96514876893292,163.90691416614848,131.0
2017-06-09,101.42085701077599,45.00905964064473,159.7371931763962,100.0
2017-06-10,71.52681993610179,11.544696435519837,129.3970126756609,69.0
2017-06-11,83.54481607098256,29.294365198167473,139.058099435943,106.0
2017-06-12,124.7813023263084,65.52530520152804,180.10821914983583,120.0
2017-06-13,124.06535847519928,64.97795202317033,180.52153765366535,119.0
2017-06-14,120.61336672764826,64.90872273210456,181.37453702244886,123.0
2017-06-15,115.52467239270548,52.549603511446556,172.79807319369075,95.0
2017-06-16,110.14208814998062,50.13143610906521,167.54170501119262,92.0
2017-06-17,79.47566815244458,20.163032240385387,136.06469776873158,70.0
2017-06-18,90.48171118958058,32.95361760338918,145.64881044904877,84.0
2017-06-19,130.49237764648058,72.36580275023053,188.58124381393978,148.0
2017-06-20,128.3669016114408,67.98558162047853,187.9962027509543,90.0
2017-06-21,123.3557843235157,65.26678852465416,179.96850989426946,33.0
2017-06-22,116.59589227456365,57.058438962555805,178.85680197236002,82.0
2017-06-23,109.47032919208849,48.65806334576479,166.15824383311494,100.0
2017-06-24,77.03151612459301,16.923130151900057,137.33574912197457,71.0
2017-06-25,86.27944814094622,26.52746523349333,143.7909300023076,94.0
2017-06-26,124.59052289729644,62.993090763337165,181.98722332741605,63.0
2017-06-27,120.85379852348748,60.812730805320385,176.5154630902613,140.0
2017-06-28,114.37675769708726,53.450518423071905,170.73177462629147,115.0
2017-06-29,106.33715903147674,48.5611405481158,167.34163351642695,107.0
2017-06-30,98.15621529439102,39.25210372467568,157.36722047862904,92.0
2017-07-01,64.92086972685847,6.92821529719089,121.31625207319955,76.0
2017-07-02,73.66128984879396,13.956325099682855,127.79005000988369,100.0
2017-07-03,111.77898933996264,51.74266584592165,170.76015584653067,110.0
2017-07-04,108.19658611419038,50.22160044429843,165.71248355716654,117.0
2017-07-05,102.22061003818307,44.837175394934896,161.2616531140949,133.0
2017-07-06,95.03531090139973,35.474566629367956,158.04595206516709,137.0
2017-07-07,88.06136267085671,31.081538360694843,145.1980530755466,112.0
2017-07-08,56.37792404440206,-2.6241468938567523,114.5275095672419,81.0
2017-07-09,67.00004802129479,9.593173733136874,130.19257489577788,85.0
2017-07-10,107.30685779615196,47.70860388340689,172.16421272686128,136.0
2017-07-11,106.19150134510545,47.8016866341194,166.75357139441255,156.0
2017-07-12,102.92429969853542,41.42187992421746,161.53523832039875,143.0
2017-07-13,98.64703816075223,39.83940602627881,155.2835327873115,126.0
2017-07-14,94.7322921515391,33.42026934666452,157.4316218836907,144.0
2017-07-15,66.20624024225472,7.9847587249696295,130.09085008093254,97.0
2017-07-16,80.02694659689578,23.322128424568984,138.59970600993566,106.0
2017-07-17,123.51351662645018,63.22179577702131,183.01381981728025,155.0
2017-07-18,125.49712190229425,64.81343731061946,181.05280739652645,184.0
2017-07-19,125.18529040342243,66.85714375664064,180.55739395000137,145.0
2017-07-20,123.41180923810501,59.27741798138365,183.54981886338157,137.0
2017-07-21,121.73401305883381,61.352246447809016,178.96660973028887,109.0
2017-07-22,95.12007692288839,35.39500997670024,155.7943850134752,84.0
2017-07-23,110.47407960056421,51.5655524386788,169.1273492505993,95.0
2017-07-24,155.0663106169825,96.50107142169843,213.0552294373377,153.0
2017-07-25,157.68537230409018,99.45269145931015,217.3724765153071,142.0
2017-07-26,157.503448033406,97.99713292469069,216.7406649035152,114.0
2017-07-27,155.57264119204447,97.5400794691993,217.14852770512172,116.0
2017-07-28,153.18623197256989,96.33372044357486,213.22131628513208,125.0
2017-07-29,125.30326107126848,68.65758530867238,188.50369253027702,105.0
2017-07-30,138.82838117722537,79.33163889787367,200.0540254614406,112.0
2017-07-31,181.04234191184557,125.39953642988847,243.1145955118205,138.0
2017-08-01,180.7540702712498,117.94288759980164,239.7809267771444,160.0
2017-08-02,177.16571373721953,119.94175749012666,237.67406213413332,147.0
2017-08-03,171.36855111873075,115.031754909583,231.89221731137874,141.0
2017-08-04,164.70362331977674,105.29371804614118,223.41699918373672,136.0
2017-08-05,132.18550287879407,77.66265528405843,195.269748670485,107.0
2017-08-06,140.7811574291082,85.42908033440496,196.65370422190807,101.0
2017-08-07,177.839291296363,119.40120011393351,235.2474873031767,154.0
2017-08-08,172.24114979393852,117.91578836510983,230.17418472494003,144.0
2017-08-09,163.2641793917138,105.97479691354627,222.94150881717474,139.0
2017-08-10,152.07647779113728,96.09209478745258,206.9705290728,149.0
2017-08-11,146.24017207393527,90.7850203114452,206.70458574496104,128.0
2017-08-12,114.70090330398571,57.1623712824201,169.26456646993063,89.0
2017-08-13,124.4979532675359,67.24223813349259,181.12666902855577,88.0
2017-08-14,163.04788463385867,104.23508634134241,221.96452438359677,148.0
2017-08-15,159.29398554500798,98.32109719647727,217.04653193087822,180.0
2017-08-16,152.56868861813547,93.71482317667996,211.488314614174,160.0
2017-08-17,144.08692750496428,84.75025082195198,205.69896000607804,149.0
2017-08-18,135.30434048676491,81.22885956663104,193.58815432724106,139.0
2017-08-19,101.3387950466284,44.5136401202958,158.16476064234635,104.0
2017-08-20,109.24724011559294,52.45569170101858,167.53557879672746,101.0
2017-08-21,146.4533169062822,84.37293663524473,210.6172415223932,167.0
2017-08-22,141.89675354250377,87.20578868325639,204.83251491051365,127.0
2017-08-23,134.895970187922,78.38393060565932,191.9782312117353,106.0
2017-08-24,126.64185419950132,63.89077594573836,184.9041887956884,120.0
2017-08-25,118.55660553834824,59.78082724332916,178.49677133831077,112.0
2017-08-26,85.71611167043433,26.538952367583548,139.72063989878492,87.0
2017-08-27,95.12783879565707,35.42902127823896,149.38710973585344,110.0
2017-08-28,134.15964576086634,75.92238394977969,192.32209668214452,144.0
2017-08-29,131.69051717764376,74.1938930278183,191.11654589333594,131.0
2017-08-30,126.97461032420622,69.830678057767,188.51641395325834,162.0
2017-08-31,121.1365405733705,63.23989185224671,178.41223958130297,140.0
2017-09-01,115.53176900216837,59.151591307211376,175.26401435505744,148.0
2017-09-02,85.17051188235413,24.75538453185485,143.24987852165515,100.0
2017-09-03,96.99713187109629,38.326919597899014,157.85572291284288,118.0
2017-09-04,138.32036014492087,81.59233829302293,202.5118394523971,140.0
2017-09-05,137.96533233139138,82.4298581102323,195.31928452671036,150.0
2017-09-06,135.13879088638652,73.02381502658154,197.29679402900885,134.0
2017-09-07,130.92535285465593,67.75072375655085,187.6052494856079,95.0
2017-09-08,126.6486832032806,71.88151723385035,188.1624747755843,108.0
2017-09-09,97.29597707692376,37.77952606984744,155.94663992046583,97.0
2017-09-10,109.79768753623168,53.24872080462129,169.64742693760655,130.0
2017-09-11,151.4578617716566,95.56302724558053,211.9417809047551,175.0
2017-09-12,151.10604700574942,92.65931176563494,210.0404412104886,196.0
2017-09-13,147.96213433916628,94.75879523692105,209.31062342882288,195.0
2017-09-14,143.13204865508345,89.20539019017555,201.40331253764123,159.0
2017-09-15,137.9681417524619,75.95304208674962,195.21142961297903,140.0
2017-09-16,107.49271433392872,51.96148490899667,162.25117037380838,121.0
2017-09-17,118.67663039682515,57.61593662309796,173.2117362319832,119.0
2017-09-18,158.86841801331155,101.5363686782135,222.0989888555061,175.0
2017-09-19,156.94485187895552,101.56298550650968,217.73823547451133,143.0
2017-09-20,152.17442232881533,89.83347093914,211.22389822405822,155.0
2017-09-21,145.71163666098022,88.10434158198058,203.07749209766607,144.0
2017-09-22,138.95604794294974,85.31139761160954,194.3384753160988,130.0
2017-09-23,106.97447416995826,50.782307859322444,161.34451506087657,79.0
2017-09-24,116.77840638342668,53.35944264309287,177.6972141848296,107.0
2017-09-25,155.75203454852274,97.06438830581044,218.50585310569164,129.0
2017-09-26,152.80191149601043,93.6474103569504,206.86709728142264,171.0
2017-09-27,147.21968843289804,90.16966119720767,207.6537494636241,139.0
2017-09-28,140.17588528607038,83.45661059777666,196.26518053465685,139.0
2017-09-29,133.07860529010676,76.76717801420905,191.67416439538016,106.0
2017-09-30,100.9956644265537,41.72517747706984,157.11803748011712,105.0
2017-10-01,110.93213616293788,50.55663758522401,172.4441828826146,122.0
2017-10-02,150.2587332614972,93.05721613321212,211.07789012623113,140.0
2017-10-03,147.8620399278288,91.8841096366494,204.2599912537748,187.0
2017-10-04,143.00800647226225,85.2348123068913,200.9213419312942,152.0
2017-10-05,136.8366491644965,78.86382063635143,198.01077917279238,136.0
2017-10-06,130.72183671147494,67.50756018962596,190.31533503981055,119.0
2017-10-07,99.69460226572079,42.27483870646776,160.37613525518415,96.0
2017-10-08,110.72194644019939,52.33218329577303,170.18413997739884,119.0
2017-10-09,151.1365158286406,93.89933458023036,206.61139790996316,183.0
2017-10-10,149.78813176484755,92.7792121209804,207.42902599981988,172.0
2017-10-11,145.90854277665545,89.0495332265805,206.53245595328534,145.0
2017-10-12,140.60730560123565,82.72603811092047,197.3288484193363,131.0
2017-10-13,135.23264036458386,80.58510387923945,190.97059623630022,146.0
2017-10-14,104.79566600888673,50.37725520018452,158.40193782843045,112.0
2017-10-15,116.24995258053636,63.062966047899245,177.51589385061763,114.0
2017-10-16,156.92174970381618,98.50589301977682,212.03989338233254,188.0
2017-10-17,155.66185298399876,101.94792208330412,214.0715661846498,192.0
2017-10-18,151.71045824633035,93.98100586420962,212.4781388345034,172.0
2017-10-19,146.19291362050186,88.35367577889954,208.72379621471572,166.0
2017-10-20,140.48021029126392,80.78297208193501,202.68741775398414,118.0
2017-10-21,109.61262663611312,50.06723347168764,168.9207629141735,103.0
2017-10-22,120.57847650801885,59.76341587862667,178.8486402820206,149.0
2017-10-23,160.74334252241727,96.43859093098085,217.65060904876864,151.0
2017-10-24,159.00077674315713,100.16385383774596,220.09958397921275,157.0
2017-10-25,154.63586106507222,96.99010882418276,209.21131124992226,149.0
2017-10-26,148.81956177490397,88.82974012276674,207.12533605536163,135.0
2017-10-27,142.96776355277828,80.60367826700117,197.78928620661216,130.0
2017-10-28,112.16343769421724,57.05282333522001,168.84428030360678,82.0
2017-10-29,123.43393762995296,66.51119959121876,185.45235332099423,126.0
2017-10-30,164.1788449095497,102.34131507280038,228.96259510387057,136.0
2017-10-31,163.31938916056305,106.29979123698519,222.9647477183187,155.0
2017-11-01,160.1608730928752,99.78261993538678,222.29325318520512,107.0
2017-11-02,155.8860723593639,99.09851005978683,210.30589919189418,117.0
2017-11-03,151.91352639807297,93.70176159611728,213.84407446087155,134.0
2017-11-04,123.31920053571085,66.71555932934801,178.98728449817602,104.0
2017-11-05,137.11353179295898,76.00156812422395,194.38459875125062,132.0
2017-11-06,180.66929418328863,121.96138986701688,238.07042208391775,176.0
2017-11-07,182.87131247375032,124.28437313534116,239.10601418891028,153.0
2017-11-08,182.97945342404455,122.5325476501149,239.8702701745732,165.0
2017-11-09,182.12285545259056,121.40236479785318,240.7835403529115,181.0
2017-11-10,181.65929513017858,124.12817585379328,242.97026249959362,156.0
2017-11-11,156.5981482508385,101.35136532511737,215.74126129934464,149.0
2017-11-12,173.87892744449366,109.28750571076,232.3303944027337,167.0
2017-11-13,220.8007966453959,160.98393968755053,286.4340816234673,193.0
2017-11-14,226.17405105764527,169.6493008963474,286.8410092158709,179.0
2017-11-15,229.18494768936085,168.39417712984405,286.20209963371127,175.0
2017-11-16,230.89180023691605,171.6994639274162,290.7594611056385,211.0
2017-11-17,232.58618975894368,169.84986430800237,293.2054094281532,179.0
2017-11-18,209.21769969697547,147.71628105387202,270.26588268871126,137.0
2017-11-19,227.67411075109524,164.74455905038104,283.74039895552164,149.0
2017-11-20,275.2124112395243,215.1659350407186,337.6445712927751,214.0
2017-11-21,280.6115706058884,220.99447613466972,340.215641779379,214.0
2017-11-22,283.03842487816803,225.71415804318386,344.6438665426613,182.0
2017-11-23,283.5445573029597,227.65270409849077,342.088153882766,260.0
2017-11-24,283.4280015901392,222.01868549045,340.66432151915035,1125.0
2017-11-25,257.65815956162857,198.8369763236903,318.40631125297085,473.0
2017-11-26,273.15585968326076,213.35810019356308,333.361857233874,371.0
2017-11-27,317.223911113967,255.51442138195233,374.79773288112705,386.0
2017-11-28,318.69910805488394,262.8231744460068,374.9080250718482,363.0
2017-11-29,316.8170483201808,259.59428614114836,372.5381531517019,308.0
2017-11-30,306.45782041464537,249.00291002763225,363.99311845251077,254.0
2017-12-01,295.25567498975,233.60369837089587,352.09714636644344,258.0
2017-12-02,258.2725916717949,197.58784980202054,317.51808697639046,211.0
2017-12-03,262.52622661414097,201.22473683908103,321.00337836505116,224.0
2017-12-04,295.4183831066438,239.54688191023513,354.7231986680345,312.0
2017-12-05,285.8848612729103,226.73294851908602,342.5009380030578,263.0
2017-12-06,273.2581023620859,218.46247789859817,333.99953278495656,255.0
2017-12-07,258.76058594882164,198.44090923300752,317.2571857414388,217.0
2017-12-08,243.86288910253393,183.62082388100194,304.6187660784333,203.0
2017-12-09,203.7048854284961,146.80259972253774,260.58700176494176,147.0
2017-12-10,205.37209889299308,146.20290053127692,264.70324931333107,175.0
2017-12-11,236.3226555904957,181.32317218587252,300.83384203210903,253.0
2017-12-12,225.53587461607205,168.26798849998733,285.1899463606978,246.0
2017-12-13,212.37394400979326,153.05692642290123,269.6279050401481,205.0
2017-12-14,198.07466340253197,138.69480967431662,253.40442239590948,192.0
2017-12-15,184.10917799906235,126.57908378364888,241.55423760204698,183.0
2017-12-16,145.6031892544252,84.61806629961197,205.9239591873077,124.0
2017-12-17,149.61365630897131,91.77019471815676,209.6452056656603,126.0
2017-12-18,183.55642222900394,126.91011926593018,240.88637070156855,202.0
2017-12-19,176.355789089663,120.59674430019125,235.85407846437036,169.0
2017-12-20,167.30746318630963,105.63578485683368,223.0310664842101,162.0
2017-12-21,157.57282040668858,98.77535616348415,208.93970653007827,137.0
2017-12-22,149.65370160185762,94.51235259742663,210.85480499635423,107.0
2017-12-23,117.469566125943,60.722176441816195,175.57343627530437,97.0
2017-12-24,127.98219961523267,65.95677266942099,186.40205174206073,57.0
2017-12-25,168.5101316676008,106.0801181132122,229.37797844789972,84.0
2017-12-26,167.8803507366107,112.96893238338275,225.6181213479486,158.0
2017-12-27,165.2933632969137,108.03729288880561,225.40253348655753,151.0
2017-12-28,161.81949703504466,106.99739124599341,225.3958616433639,138.0
2017-12-29,158.76028708087142,101.63415060065628,215.23975080225665,127.0
2017-12-30,131.07334343510124,72.01834403522389,191.26570970994896,90.0
2017-12-31,145.652627081145,89.20786953041255,204.78618005412883,67.0
2018-01-01,189.7594850474512,134.47658884189053,254.72578974895634,69.0
2018-01-02,192.17538955442186,133.17095278584446,247.79643689098913,189.0
2018-01-03,192.06773045438317,132.63305625911406,248.60196141030994,214.0
2018-01-04,190.48654749925907,135.80776928408912,252.85516480476556,240.0
2018-01-05,188.72603599438494,127.1364396864801,252.9691780768716,191.0
2018-01-06,161.74922635444477,102.68239946856045,219.8940651554382,207.0
2018-01-07,176.46777507367082,116.56290380907745,232.07534047478256,192.0
2018-01-08,220.17223471578177,162.0310482327427,274.70711577945514,276.0
2018-01-09,221.68377217374777,164.7770385667322,282.20675412496416,238.0
2018-01-10,220.21871459639465,162.531643748647,275.5742243021605,269.0
2018-01-11,216.8838449146152,155.3478324981359,273.9921702647205,253.0
2018-01-12,213.03632015301037,155.7281825973799,271.0095724725141,230.0
2018-01-13,183.70665459102742,128.04944469121492,242.96258563982445,204.0
2018-01-14,195.8767561498197,138.33122599674067,255.4834147172284,220.0
2018-01-15,236.90841695740593,177.78583399980178,302.17998356220164,296.0
2018-01-16,235.6932847102915,176.54723999719457,292.2661186264733,282.0
2018-01-17,231.51573170966918,171.50495147813785,292.2257370367921,262.0
2018-01-18,225.54658562869278,163.74227505709388,284.8518929637165,223.0
2018-01-19,219.20163238435117,155.2200710076906,279.2714722658072,216.0
2018-01-20,187.56336695843527,126.51745962145121,247.61310070381754,175.0
2018-01-21,197.65800158925032,138.44628066766677,258.7363247635105,176.0
2018-01-22,236.8831656131262,179.51531201165693,296.4172231823652,286.0
2018-01-23,234.15732599144692,176.38290828428174,293.75933954273194,252.0
2018-01-24,228.7823593711738,170.837622822968,289.2038083475859,230.0
2018-01-25,221.93723952587965,160.89462310162165,283.6233788928798,219.0
2018-01-26,215.03674480464684,161.7852581095699,274.5533178904904,218.0
2018-01-27,183.15364920656575,126.13261314194845,241.27206659574557,145.0
2018-01-28,193.2963882412198,136.90850420405985,256.28376869596434,145.0
2018-01-29,232.83761015771518,174.54501774341654,293.13110655574116,237.0
2018-01-30,230.66461319470102,169.31804103765722,288.71615612018536,238.0
2018-01-31,226.0430674728915,165.2622003382574,281.8592741835025,241.0
2018-02-01,220.11195026712548,158.16035679945844,276.9462972812341,224.0
2018-02-02,214.24356229151044,157.23670707769716,272.1256870808955,197.0
2018-02-03,183.46705078999682,128.58772323525565,242.64692284586272,186.0
2018-02-04,194.74739201405134,135.0243721178507,256.5404971790312,193.0
2018-02-05,235.41521215827467,177.07527441711446,291.1332370895269,256.0
2018-02-06,234.3184035716408,174.93236173027216,292.4747328886356,254.0
2018-02-07,230.6869135541851,171.5491172772838,285.40290404209134,232.0
2018-02-08,225.6286025436707,166.43511564436722,282.6920386437354,217.0
2018-02-09,220.49001782018905,162.7280726191203,276.1183995059391,202.0
2018-02-10,190.2804911921982,130.9573417595246,249.71799196888662,165.0
2018-02-11,201.95150242500102,146.1313358307977,264.2676037647463,162.0
2018-02-12,242.82667660924562,186.59156825172246,304.4874819606435,206.0
2018-02-13,241.7533817940831,184.07147970537554,304.26402583112423,210.0
2018-02-14,237.96730004142188,182.77601035523477,297.77203580023246,272.0
2018-02-15,232.58788457511105,173.46859493860282,289.23511207394296,255.0
2018-02-16,226.97856427801867,166.73991482318038,287.40258670893655,203.0
2018-02-17,196.17012462256397,138.92217344665224,259.76747714351177,193.0
2018-02-18,207.1392312890057,146.93887488542546,263.81302512261414,192.0
2018-02-19,247.23749227001377,186.21635908130872,305.0745769312669,243.0
2018-02-20,245.3420546631086,183.8855064680375,303.7058060662842,280.0
2018-02-21,240.71914056561582,182.18142987943088,303.99116571829416,246.0
2018-02-22,234.51846648281148,177.27740340480483,295.158915263899,259.0
2018-02-23,228.13243878988774,174.64495934379352,286.2416316584392,223.0
2018-02-24,196.6185842959186,135.79997180738687,254.2734072172132,183.0
2018-02-25,206.97720995234215,148.5645948994762,264.7220791761813,222.0
2018-02-26,246.57971236130433,191.91511339408603,305.3099948008597,279.0
2018-02-27,244.23639883896405,183.38325649295393,305.89868548428615,279.0
2018-02-28,239.30601998041635,181.24692575398944,297.5077496306253,296.0
2018-03-01,232.94341370027286,175.96103516862183,294.7339455570865,261.0
2018-03-02,226.54071776263174,166.85259367281256,285.1744732626345,251.0
2018-03-03,195.14983389755926,134.31329578189312,253.07820840466792,197.0
2018-03-04,205.76029066716504,142.5188938807752,259.75565490177473,221.0
2018-03-05,245.72791822163254,186.64022088139515,304.7264451108699,240.0
2018-03-06,243.9253402072082,186.6855354165142,299.5531426408983,258.0
2018-03-07,239.60568786182048,182.31520993140472,299.27927995534816,243.0
2018-03-08,233.8974729647721,172.55189769721807,290.79754132877923,218.0
2018-03-09,228.16449639515508,167.54739084488622,284.0767723980214,192.0
2018-03-10,197.42922805256023,138.36123414219614,250.86622743877248,181.0
2018-03-11,208.65162213309728,142.82749747472175,264.21101441710334,210.0
2018-03-12,249.15875253717232,193.8439480297744,313.7367181415778,223.0
2018-03-13,247.79624523445474,190.90496677647099,304.05679803481473,214.0
2018-03-14,243.7928849251041,186.5208013332322,302.7394367454152,190.0
2018-03-15,238.2563064791774,179.08273415198684,295.14130529600067,267.0
2018-03-16,232.53362396977042,173.30176118058793,293.88316104889776,238.0
2018-03-17,201.63541201375858,146.80342813960692,263.1204034548343,170.0
2018-03-18,212.51498584319734,154.92927979261802,269.80783962165094,206.0
2018-03-19,252.49835125111105,192.27166064122915,306.3519525150169,289.0
2018-03-20,250.4357918898456,191.65689504150896,305.73485727966136,280.0
2018-03-21,245.56646587898493,185.02236526364732,303.8962640275876,271.0
2018-03-22,239.01392477949202,183.75572125751683,302.0011852598279,240.0
2018-03-23,232.14640656020305,170.2503764271711,292.84857755740325,207.0
2018-03-24,200.00033166179944,137.8678183718106,257.1963237535008,160.0
2018-03-25,209.5589587749446,152.0890789083638,268.451016394667,184.0
2018-03-26,248.18158878834382,185.52493642067927,310.96348021016973,262.0
2018-03-27,244.75430442779842,186.6637549833231,303.5712275456538,236.0
2018-03-28,238.55364085915318,183.20952582576498,298.7872433969791,207.0
2018-03-29,230.7411223626065,175.26204140025342,288.10610331311375,185.0
2018-03-30,222.7225485015305,162.36202385238542,283.2166729783963,160.0
2018-03-31,189.57048021138294,129.0094177572365,247.6793674934941,160.0
2018-04-01,198.301912045238,133.61641771036028,261.0360199016824,199.0
2018-04-02,236.30654452777952,172.76045784770963,290.68731528601563,268.0
2018-04-03,232.4966687256861,173.91343659451263,288.4621257001973,240.0
2018-04-04,226.1700807805137,167.92425523114193,286.2129270043539,248.0
2018-04-05,218.50398130114507,164.0725195046484,278.935687489906,255.0
2018-04-06,210.91375964164456,149.25516020719095,268.367973271142,176.0
2018-04-07,178.47512650227998,114.16178622782758,240.29397320216526,158.0
2018-04-08,188.20159020707453,130.26602767955598,244.73218983860642,179.0
2018-04-09,227.47269563158434,168.3156911688097,289.0783625781317,245.0
2018-04-10,225.1840387329348,168.83368967854602,281.6368323542977,192.0
2018-04-11,220.61047111413734,162.44800426056912,283.1767107503934,256.0
2018-04-12,214.39548940250853,156.7776615043317,272.902885058342,247.0
2018-04-13,208.4254622800692,148.59319104020878,273.3575879264476,194.0
2018-04-14,177.73761617670775,122.7508827672131,237.79291267101607,141.0
2018-04-15,189.30328523600224,130.6262285254758,248.9414155031574,214.0
2018-04-16,230.45706045068317,167.69824941145004,289.6182047277466,274.0
2018-04-17,230.04778155336408,170.97843892807867,290.19137296066503,256.0
2018-04-18,227.3027625354307,172.0977687415966,292.83298307688324,268.0
2018-04-19,223.3231739927567,168.44618435598846,282.1589685279551,285.0
2018-04-20,219.44444666217487,159.5725718941428,278.9613860746563,192.0
2018-04-21,190.66012090526846,131.40156582173216,249.05518829706978,154.0
2018-04-22,203.90109679548388,147.94590810088286,263.2677862035416,196.0
2018-04-23,246.46566211071485,189.0053648836287,301.60624532863466,281.0
2018-04-24,247.1712695715855,193.322936379009,313.1895789232235,261.0
2018-04-25,245.2194372396114,185.5883554952443,301.88137515493423,277.0
2018-04-26,241.69168117164733,184.4589297731446,302.8218987851486,249.0
2018-04-27,237.91033373221748,181.06487343244555,295.8269830276092,235.0
2018-04-28,208.86266468521467,145.76612510604207,264.7752047182968,165.0
2018-04-29,221.4802555227085,163.53371260479042,276.0731428130698,167.0
2018-04-30,263.069003583414,203.2463029407455,325.3356421824462,234.0
2018-05-01,262.4607299354175,205.3281387052487,322.29632074709735,251.0
2018-05-02,258.8777707979796,197.94387382989788,320.1753058817802,283.0
2018-05-03,253.42847046860112,193.41083589000064,313.12405551883853,296.0
2018-05-04,247.46744073552372,186.8295424297897,303.55732377654004,262.0
2018-05-05,216.0190178446154,155.9088246014324,275.8934530137413,191.0
2018-05-06,226.05588339434016,167.3098861956356,283.32021492040764,205.0
2018-05-07,264.9282431757114,209.3774349720428,327.92457410410447,362.0
2018-05-08,261.5145564913669,201.04412227075247,320.99905562225246,322.0
2018-05-09,255.0852149308622,198.43113702291325,314.91877520272965,332.0
2018-05-10,246.7971079589919,187.57911035555534,303.5117298983073,269.0
2018-05-11,238.05295943575592,177.555316751427,298.11791640019476,241.0
2018-05-12,203.92388461302588,145.70590617744517,261.162962795842,197.0
2018-05-13,211.42715141521145,146.13151722433045,269.08735367825153,202.0
2018-05-14,247.95455607094377,187.62556677152014,307.1515294488094,352.0
2018-05-15,242.42242001653898,184.69755102107825,301.7212717227154,346.0
2018-05-16,234.1346195288005,176.11382553543004,289.8299692576336,350.0
2018-05-17,224.27659584058046,168.34141370812736,281.35791593460186,221.0
2018-05-18,214.2742380537181,154.72021889913196,270.365684404784,230.0
2018-05-19,179.21609431600436,118.27982818983807,235.02443162306952,135.0
2018-05-20,186.13089871412174,126.27751842682648,242.58782806071136,156.0
2018-05-21,222.41582535138855,168.6564118040136,283.16755051610704,199.0
2018-05-22,216.98647578328567,158.44847885565827,275.9962720229053,194.0
2018-05-23,209.14000849081543,150.2909281036971,267.34226935821005,131.0
2018-05-24,200.04935350952377,140.94739137144802,256.9804981653718,113.0
2018-05-25,191.12239821590805,132.3180159467822,251.97960265914028,103.0
2018-05-26,157.4245919649568,102.88063737378141,214.16983574856044,98.0
2018-05-27,165.95694801402888,106.63566012378432,223.8131347691713,97.0
2018-05-28,204.08484417872216,144.75970120464942,263.7850086400458,140.0
2018-05-29,200.68861758499017,142.6125005606058,263.3323606634518,149.0
2018-05-30,195.02735083185553,136.72306391188232,250.19541934942163,138.0
2018-05-31,188.23378097388928,129.33042706429842,247.6939416978723,131.0
2018-06-01,181.67420546407052,119.08293531789478,241.99360594482027,182.0
2018-06-02,150.37182092569898,92.18796777425909,212.4494925919817,141.0
2018-06-03,161.28546155397166,99.08578917322194,216.11603956055646,187.0
2018-06-04,201.73912729222013,142.31729036151873,259.2257547279476,217.0
2018-06-05,200.57328629599692,142.51852038977898,257.21723638206237,193.0
2018-06-06,197.00933870236253,140.135990880195,254.12476555484903,223.0
2018-06-07,192.14516344639685,135.82304481274284,252.7498910426294,223.0
2018-06-08,187.31561330107,134.20714160333935,245.67626174989775,194.0
2018-06-09,157.51638579510688,100.64209207245179,214.1150643780942,168.0
2018-06-10,169.6832293946583,112.87469089435442,229.80924909616797,189.0
2018-06-11,211.1218685093582,153.36201945791356,269.23394874409587,293.0
2018-06-12,210.65962612444946,151.97183099734087,270.4922143742222,244.0
2018-06-13,207.51012625794948,147.69200602353294,264.0595584539044,252.0
2018-06-14,202.76899410532468,144.24339539227697,263.50398114574244,210.0
2018-06-15,197.77441613433155,142.64759746120956,253.99039456619343,180.0
2018-06-16,167.53098588057873,111.24596764412125,225.93393460071474,161.0
2018-06-17,178.98879397789722,120.54782016475038,234.8998395039171,151.0
2018-06-18,219.47314623081405,158.93217454929052,278.9280080786403,242.0
2018-06-19,217.83588992115438,160.46374024816373,275.6260082747674,225.0
2018-06-20,213.31973313200137,152.85114991600392,270.7664358614143,215.0
2018-06-21,207.05347876830143,148.46805761343205,264.51236035839526,231.0
2018-06-22,200.41204062225435,139.3204130987989,258.0093993116164,176.0
2018-06-23,168.43967361283245,110.6822579387377,224.5659270708227,146.0
2018-06-24,178.1283844100779,123.15360134045211,232.92531165680683,198.0
2018-06-25,216.84691521728627,159.6221562541874,274.5482462000582,238.0
2018-06-26,213.49129111483865,152.46629070399058,275.0966030747894,237.0
2018-06-27,207.34832715564136,147.8044390600599,269.83115673464306,213.0
2018-06-28,199.5900293786542,140.04595410890357,261.12105797693454,238.0
2018-06-29,191.63277054859395,132.64386346359456,246.83271098619792,169.0
2018-06-30,158.55968700733516,100.54840946081671,214.7935852510046,122.0
2018-07-01,167.39827770994742,111.7732255810125,228.19150356319463,156.0
2018-07-02,205.54861345430078,144.88210087134883,264.19403075554766,192.0
2018-07-03,201.93316205813505,143.2271111635289,261.4760341673427,213.0
2018-07-04,195.85964084550807,136.9755776583709,251.01189978810626,250.0
2018-07-05,188.5148452964026,131.11203937467334,251.24590403503927,191.0
2018-07-06,181.3233485395564,119.95369905027192,241.68052583436577,120.0
2018-07-07,149.3695307958614,88.54209639796161,206.91208460630628,89.0
2018-07-08,159.67493108075112,98.29178562709559,218.07307713122924,117.0
2018-07-09,199.62633859462835,138.69754766512966,260.6206520874396,142.0
2018-07-10,198.1256368526159,141.58482391512985,258.45354380441904,129.0
2018-07-11,194.45281680383295,138.53099718870402,256.69160433517686,122.0
2018-07-12,189.7601100347968,134.54272643094652,245.72045265757603,116.0
2018-07-13,185.4311361280038,125.941153909365,240.46629993822947,166.0
2018-07-14,156.50351968438537,99.30268229421871,212.0602836386711,141.0
2018-07-15,169.94696265057263,110.96293801078721,226.59464829505262,146.0
2018-07-16,213.0921796338335,150.85426015386435,270.3142336707898,234.0
2018-07-17,214.78169649310968,160.01223558932568,272.2953437965818,210.0
2018-07-18,214.23391282046612,155.93269937109096,274.242302860851,293.0
2018-07-19,212.53836111192527,154.79003854858541,274.35627611624074,244.0
2018-07-20,211.01603603963792,154.28820638330293,266.5120224188416,245.0
2018-07-21,184.64322667658402,125.03045929185605,243.8371650782643,181.0
2018-07-22,200.3308130884613,141.23124799018166,260.13983349883694,210.0
2018-07-23,245.3544096772647,183.6506542701391,303.735655089118,295.0
2018-07-24,248.50632972307102,187.94128834364102,304.7940104181045,259.0
2018-07-25,248.96074594301274,190.83427196715922,309.21037592044763,258.0
2018-07-26,247.76995470441167,190.00976310061756,308.6427866628437,241.0
2018-07-27,246.22559339261653,188.60032764664544,301.8838664322836,184.0
2018-07-28,219.28322172162402,157.4282386171162,276.9455689875061,171.0
2018-07-29,233.8422087710122,174.9910325667705,290.9386211991442,179.0
2018-07-30,277.1762914708102,219.26843591178638,339.3761596763571,277.0
2018-07-31,278.0857657832779,223.782378689521,341.1616571790354,310.0
2018-08-01,275.76267607658724,219.27589989694056,334.7203809554802,303.0
2018-08-02,271.2869052259902,214.99370214250476,330.2924065324322,290.0
2018-08-03,265.9870143016367,211.58490719852128,325.0697365275853,308.0
2018-08-04,234.8642465946338,172.53412264323669,294.1314638074246,236.0
2018-08-05,244.87164636508993,187.81068006439227,303.70147311878463,267.0
2018-08-06,283.3436711885723,222.6057833590157,339.56295811085596,362.0
2018-08-07,279.14727666235314,223.12274135666783,342.2074149797066,350.0
2018-08-08,271.54586052196623,213.33282732258402,329.2614501189864,307.0
2018-08-09,261.69399388929344,205.54842269329274,319.7797538892782,279.0
2018-08-10,250.99681679496183,191.41627091180482,313.0538358406355,246.0
2018-08-11,214.53254350606787,153.6724785696804,267.3482569917728,184.0
2018-08-12,219.3300606225676,158.6088448208127,280.5559035334669,190.0
2018-08-13,252.79703045196032,192.00417613440632,315.55445274954263,282.0
2018-08-14,243.86951231328445,184.3887545145807,301.31121496803877,308.0
2018-08-15,231.87452215788747,178.4621617262042,291.38196828443193,281.0
2018-08-16,218.02349018064353,164.03684492269312,276.1279318438675,314.0
2018-08-17,203.77052334357663,144.17993304912446,266.00558156709843,245.0
2018-08-18,164.23394517734042,105.89544510415861,220.97879650237036,192.0
2018-08-19,166.47311901705768,104.66785790009929,223.01663122367955,202.0
2018-08-20,197.91598610722284,141.5409638564005,257.4163221279308,249.0
2018-08-21,187.50834536469503,130.39144495881587,241.92806047341003,238.0
2018-08-22,174.5763041178336,120.14089138446025,234.76240040424935,183.0
2018-08-23,160.319862939257,103.04358922171802,215.32301242472465,142.0
2018-08-24,146.17153929561346,87.14809213442534,201.9886848445189,96.0
2018-08-25,107.21849452940839,50.79989197693115,167.53393770333813,69.0
2018-08-26,110.48015696211088,49.89307554112314,169.38933041958157,72.0
2018-08-27,143.3367539462295,83.3529290088554,203.50603128974157,65.0
2018-08-28,134.67975622242778,73.73663603641967,193.1344005858131,39.0
2018-08-29,123.77563618482662,60.75914884127885,182.18899119855584,11.0
2018-08-30,111.76087183708253,49.99369209751003,172.26265716286895,
2018-08-31,100.00206696558227,40.10212713510059,160.90390553290095,
2018-09-01,63.51961583236479,3.7470639814465847,117.64740505879008,
2018-09-02,69.2668678503883,11.918162359132959,127.52504193987726,
2018-09-03,104.56016757142805,39.88766734212191,160.92114638630238,
2018-09-04,98.23073662909741,38.76145315466542,156.30547274478292,
2018-09-05,89.48976425413136,28.982246746957255,151.08945315803632,
2018-09-06,79.42460579297415,20.390862838900354,138.6892411226175,
2018-09-07,69.35993088317798,12.951287170387983,130.24269335775293,
2018-09-08,34.28222495590026,-24.379077176382022,87.22566726927072,
2018-09-09,41.119579792078426,-16.86105796704493,98.91286752817197,
2018-09-10,77.17213415076868,15.53543869997948,138.19786361371854,
2018-09-11,71.26412262240245,12.901525442404283,124.36535468649011,
2018-09-12,62.60889688955778,0.7135971047125732,124.89501862091275,
2018-09-13,52.304822535121716,-3.790527726880119,113.44933835992786,
2018-09-14,41.69590281814914,-20.619120154273567,97.39158905161634,
2018-09-15,5.795548671879168,-54.28578800087907,65.40779743242453,
2018-09-16,11.565451651678298,-51.72279869913636,68.76655499745807,
2018-09-17,46.344946724456975,-3.1006251091044583,106.53016694740596,
2018-09-18,39.00185311449223,-19.856750256274943,98.39267306418424,
2018-09-19,28.79619084761056,-28.544471224273945,93.10270298491584,
2018-09-20,16.874712094027977,-41.33926303393852,77.88485695929683,
2018-09-21,4.630136231586981,-55.24678248641916,65.1600176826053,
2018-09-22,-32.87645408549329,-89.7128855833754,31.33193548726721,
2018-09-23,-28.638061594208676,-87.25349562909066,33.49252249722845,
2018-09-24,4.7263550747791925,-59.203021635410195,70.44836427081114,
2018-09-25,-3.8783892183920727,-66.12644370885114,57.070577665216874,
2018-09-26,-15.160949131967119,-77.57760732709538,43.90646990978506,
2018-09-27,-27.949699319639397,-91.38572149516565,34.02790813339506,
2018-09-28,-40.834082608668595,-97.71730045318424,22.087230244243962,
