ds,yhat,yhat_lower,yhat_upper,Actual Sales
2016-10-03,13485.693238117527,-1906.4163472770608,28794.71391647591,595.14
2016-10-04,13053.426814637496,-2141.2538194656318,28277.139219405624,11916.58
2016-10-05,10942.996671054756,-6642.682716796087,25640.928139771047,13124.66
2016-10-06,9783.831886514621,-6766.126241303412,25650.214294629808,8323.57
2016-10-07,8765.146639516643,-7047.540904499802,25059.735642549913,8932.43
2016-10-08,-401.55526058630494,-16112.168619542688,15651.322488212993,9678.47
2016-10-09,134.0134029433666,-16383.721603840862,16681.405648540484,5614.89
2016-10-10,9519.282847991135,-6417.399527272468,24646.596010514186,4309.99
2016-10-11,9070.069150734786,-8132.725404920123,25694.393283417015,0.0
2016-10-12,6936.443478889305,-8343.680611508886,24588.183276380085,0.0
2016-10-13,5746.517353559184,-9992.431304609107,21665.07694595324,0.0
2016-10-14,4689.030423040985,-11562.901357032331,20581.669405983008,0.0
2016-10-15,-4524.088333505111,-20363.93559087548,10104.401942622637,0.0
2016-10-16,-4041.201142334139,-19765.518600124906,11536.141903632528,0.0
2016-10-17,5287.391499388781,-11169.063362536608,20844.80518000813,0.0
2016-10-18,4780.654243689292,-10164.854488929517,21506.253159787073,0.0
2016-10-19,2592.6144345454068,-13174.490242050779,18381.579829111815,0.0
2016-10-20,1356.0448995025927,-14284.80978196269,16122.312242457941,0.0
2016-10-21,264.92087144629113,-15990.861344863291,15805.100823055336,0.0
2016-10-22,-8963.174776593756,-24495.179438250336,6692.670398697329,0.0
2016-10-23,-8470.709099007541,-24665.6441772887,8569.786905222189,0.0
2016-10-24,897.960505333338,-13997.286237003857,17287.265427588394,0.0
2016-10-25,467.58534942059487,-15223.394968344233,15071.520150839815,0.0
2016-10-26,-1602.3865925292175,-16661.013184947195,13930.75940640044,0.0
2016-10-27,-2674.336931258791,-19276.94163417169,12661.580879760544,0.0
2016-10-28,-3550.2218403974603,-19074.44830517733,12435.582043463457,0.0
2016-10-29,-12509.355960592946,-26538.908698691463,3249.734237415692,0.0
2016-10-30,-11692.24025932979,-27866.868366365856,4330.552677095035,0.0
2016-10-31,-1942.548462698447,-16101.10777296509,13955.44259527802,0.0
2016-11-01,-1936.2447964712283,-17665.888886996814,13615.174966715067,0.0
2016-11-02,-3516.079404248825,-19237.1937870585,12825.228762859622,0.0
2016-11-03,-4048.1608530240665,-19906.645253110957,11337.139963968548,0.0
2016-11-04,-4339.708180394968,-20637.121673575737,10671.02043952141,0.0
2016-11-05,-12676.800687044735,-28001.28445019184,3715.078406626834,0.0
2016-11-06,-11208.130252684148,-27789.975446557128,5269.766156405614,0.0
2016-11-07,-786.8713574604444,-15803.449936719306,14402.365066293929,0.0
2016-11-08,-99.64325154102153,-16367.01692005773,16236.715429444062,0.0
2016-11-09,-1000.8134141454029,-15640.5873562225,16201.603907955296,0.0
2016-11-10,-868.8455003535328,-15737.642347462937,15592.274030901686,0.0
2016-11-11,-523.7989525601915,-16505.52701881697,15036.545135703478,0.0
2016-11-12,-8264.804029791898,-23531.496608070684,8069.153261946289,0.0
2016-11-13,-6253.523281910893,-23186.394890811032,9629.822761791185,0.0
2016-11-14,4644.27855210376,-10967.58387323939,21456.3893416289,0.0
2016-11-15,5730.074595927912,-9945.956819051598,21362.182601212262,0.0
2016-11-16,5138.569308028165,-10302.373469694467,20175.413501074156,0.0
2016-11-17,5647.835340335847,-10144.807626268563,21893.057819102243,0.0
2016-11-18,6263.476474039349,-7902.375222448891,22594.03897377573,0.0
2016-11-19,-1320.0082451316066,-16917.961658711876,14396.870367094782,0.0
2016-11-20,731.3176617417594,-15884.056484163779,15926.28838235054,0.0
2016-11-21,11549.42354445846,-4513.758239275362,27212.914494572615,0.0
2016-11-22,12435.77330566888,-3597.4862720128417,28415.74923665082,0.0
2016-11-23,11527.392953948023,-3260.80785014236,27434.252128475015,0.0
2016-11-24,11440.830662592152,-5913.584695752002,26343.23950853013,0.0
2016-11-25,11354.89332628217,-4181.969897693093,26511.789005763505,0.0
2016-11-26,2973.3286043476855,-12720.340355356206,19400.015920218677,0.0
2016-11-27,4141.435942581362,-12274.975627951522,20257.191510069606,0.0
2016-11-28,14004.481048275873,-1011.642551196466,29224.995061403857,0.0
2016-11-29,13878.93069600455,-2915.991160591246,29555.469915831367,0.0
2016-11-30,11918.251947975703,-3990.180566469472,27807.965564624727,0.0
2016-12-01,10756.567915487873,-4459.028806303692,27546.647367962498,0.0
2016-12-02,9591.060454755889,-6314.259401023717,25564.84702096752,0.0
2016-12-03,144.29595175452778,-14756.766879972707,16194.411656310096,0.0
2016-12-04,280.46544950371026,-14925.366866383774,16489.617577573103,0.0
2016-12-05,9163.421768691893,-7628.108997604446,24218.600662840112,0.0
2016-12-06,8127.538894788739,-7256.682569269984,24950.70013700351,0.0
2016-12-07,5343.146132527672,-11146.343403823577,21454.106123959133,0.0
2016-12-08,3459.837388945056,-12536.874037293659,19233.37790685937,0.0
2016-12-09,1688.5538348505397,-13845.052499638323,16519.719213840002,0.0
2016-12-10,-8236.376516948687,-24932.998900302227,7463.575820050377,0.0
2016-12-11,-8441.244997852267,-24284.435497321574,6709.137753290741,0.0
2016-12-12,244.87501593586057,-15361.266678706932,16278.852756739008,0.0
2016-12-13,-839.1621922695958,-16275.862838298603,15538.666715948519,0.0
2016-12-14,-3521.2361380770453,-19123.8120190265,13042.619140396884,0.0
2016-12-15,-5152.690271873587,-19747.25438269978,11983.86801116456,0.0
2016-12-16,-6526.231609644874,-23395.95756321463,10286.730182268138,0.0
2016-12-17,-15913.816793335947,-32763.948043943023,606.6780552295692,0.0
2016-12-18,-15450.528459456775,-30033.54109478475,582.8161637130348,0.0
2016-12-19,-5976.556559891818,-19816.221828068665,10743.998942872708,0.0
2016-12-20,-6166.258880580408,-20923.57235348232,9845.676426901442,0.0
2016-12-21,-7862.5500154143265,-22365.52382252502,7419.427591530675,0.0
2016-12-22,-8433.322386172818,-24148.088658719473,6847.5012821887485,0.0
2016-12-23,-8689.007109813276,-25413.2011003366,9806.108245172702,19.62
2016-12-24,-16920.099275833312,-32567.601339070206,-1444.4998294088537,0.0
2016-12-25,-15280.659601431315,-30659.09340723078,119.41354866748198,0.0
2016-12-26,-4629.915464984919,-19812.2778298125,12948.98795419476,0.0
2016-12-27,-3660.9439886643704,-19824.611813861924,12778.586855100548,0.0
2016-12-28,-4234.694722525674,-21182.67152986149,11200.699512488245,0.0
2016-12-29,-3736.063489241922,-19150.006570712332,13313.013134127454,0.0
2016-12-30,-2991.1326489180283,-18046.73277338809,12628.866402344409,0.0
2016-12-31,-10304.409119992732,-25214.60165419037,4779.4136358313135,0.0
2017-01-01,-8263.590323385179,-24344.798550356565,6605.891347212344,0.0
2017-01-02,2683.575299219796,-13770.865028538556,19598.255880713114,0.0
2017-01-03,3836.224004868698,-11142.800379936622,19833.464835981,0.0
2017-01-04,3327.9710560672356,-12333.766419592812,18695.88809513791,0.0
2017-01-05,3770.8892233732113,-12407.211878188937,19937.384862989813,707.27
2017-01-06,4338.268203086285,-11310.913157064697,21347.430616915706,988.28
2017-01-07,-3272.675446313089,-18824.980679911474,12406.433783932063,2294.5099999999998
2017-01-08,-1224.1536269721182,-17644.521212540712,15356.76735487639,507.85
2017-01-09,9620.647995681149,-6192.473325065453,25351.149465240505,882.63
2017-01-10,10568.852424014987,-4136.592794859925,27610.6894968375,1571.17
2017-01-11,9763.746393018511,-5706.281683982414,25568.910212037004,2098.78
2017-01-12,9828.500944313622,-6275.559999020761,25556.670347088682,2474.11
2017-01-13,9948.64853322676,-5532.171821649158,25888.00788791752,2712.86
2017-01-14,1834.4932882410103,-15834.687162332018,17109.96788260764,1161.08
2017-01-15,3337.4459319440175,-13301.316165521093,18298.054129730255,3556.48
2017-01-16,13608.166020140261,-1619.551161676371,29199.67944315203,5250.16
2017-01-17,13967.536500826813,-1865.5801529811367,29810.34557491993,4548.07
2017-01-18,12572.222514732917,-3812.9450929936615,28888.694466368222,4026.84
2017-01-19,12058.113904871556,-3381.591654394367,27639.667744354396,5685.05
2017-01-20,11622.548465665579,-3644.043644968336,28195.886489659784,7893.76
2017-01-21,2986.497839126325,-13991.53654323706,18387.094781841148,6474.96
2017-01-22,4010.712019619463,-11577.80804015347,19511.720446081657,4953.25
2017-01-23,13853.70827690176,-1890.054386107086,29086.09787426349,9818.8
2017-01-24,13842.63389229471,-1520.7732913008304,29117.75210973183,8789.44
2017-01-25,12138.752394895526,-4483.395999213944,27493.77581800209,8961.43
2017-01-26,11380.856933855866,-5566.310086687927,26563.11151148753,18499.27
2017-01-27,10767.505354669956,-5573.2676459547765,26865.338740206284,14980.41
2017-01-28,2019.2576579989109,-13636.761465384088,18150.067804923638,5712.18
2017-01-29,2994.9092622871212,-12090.192788300848,18876.812771116536,6838.44
2017-01-30,12849.602856788388,-2816.375859700384,29258.320487866633,25881.78
2017-01-31,12905.8422312363,-2774.166012966474,28407.246221839207,15218.210000000001
2017-02-01,11319.15672606832,-4996.022627951633,27253.7245182969,9445.710000000001
2017-02-02,10721.71094653295,-6383.788882736731,27026.680768533624,11419.72
2017-02-03,10304.75056384325,-6314.035043899695,25915.07252082851,11335.75
2017-02-04,1781.0587049241585,-13820.502285714301,17118.275225938836,13295.71
2017-02-05,3001.4105063362695,-13676.090531270802,18314.806652255127,11632.43
2017-02-06,13112.902883621098,-3169.3293431859993,28419.90961109894,10633.6
2017-02-07,13430.177421500084,-1114.7114615962735,29054.78880652517,20573.83
2017-02-08,12101.279938256432,-3299.7078978107975,26655.17215177668,15069.06
2017-02-09,11751.446790749213,-3656.7309670276077,26426.3830621203,11527.45
2017-02-10,11565.704784515956,-4017.594817219963,26580.79850486206,16092.41
2017-02-11,3251.4559401169718,-12048.962986584187,18521.41619648313,5987.15
2017-02-12,4655.032215283936,-10217.630995663778,20628.389133854558,16537.72
2017-02-13,14920.095579113606,-264.7330008335649,30705.246104764934,15069.46
2017-02-14,15358.900582243708,-32.86203448589028,30428.53920142768,16020.35
2017-02-15,14118.162761526279,-2123.706850510818,29511.45009761282,8071.38
2017-02-16,13822.824297800267,-2199.87360224661,30102.363064330348,7660.76
2017-02-17,13658.604930161187,-2103.615718146364,29991.611520849237,11410.4
2017-02-18,5334.511977346292,-10236.447742455888,20935.10132791722,10904.1
2017-02-19,6699.297503400117,-8958.861370636889,22558.732997854302,4468.01
2017-02-20,16899.741550147093,2444.06437545833,33593.92177124869,9757.28
2017-02-21,17251.782488765195,1275.971793862263,32983.17499034463,9356.72
2017-02-22,15906.24234820426,276.69972789425634,30994.213042994772,8000.97
2017-02-23,15492.442503495446,-471.7317678343703,31606.086253539695,13475.09
2017-02-24,15200.602748689991,-800.4410531032228,30689.515105239887,9617.62
2017-02-25,6744.201819462993,-8704.7381017744,22600.196630252103,6115.75
2017-02-26,7976.291732321646,-7998.891364214339,23689.148167307452,6032.84
2017-02-27,18047.648847005254,2660.7226940887713,33182.19392361273,8663.22
2017-02-28,18277.786287223138,3299.790713023073,34503.916580331366,15295.83
2017-03-01,16820.57867163886,623.7450240459169,32667.533771632807,18453.88
2017-03-02,16307.797064995117,-52.77876086771648,31729.18541198761,13693.47
2017-03-03,15931.449077268328,-403.04914958550717,31757.11724351564,15532.47
2017-03-04,7406.103414093755,-8427.36883696955,22497.877534800667,12417.39
2017-03-05,8585.191796858404,-6349.919067044291,23781.419605960837,9656.47
2017-03-06,18619.171021934882,2803.3024890898346,33711.108267218784,12377.98
2017-03-07,18826.568984443278,3354.051353798206,34582.04990366214,18422.68
2017-03-08,17359.664122574548,975.3066705494726,32927.6832738167,16268.28
2017-03-09,16848.09439899789,1189.4596947238456,33395.02560271051,18977.95
2017-03-10,16481.287711537425,1665.958172090524,30805.695981051762,16350.41
2017-03-11,7970.890523268474,-7716.820976872634,23557.85647023855,14642.85
2017-03-12,9167.184045036905,-5961.374263221054,25338.092861971156,7944.12
2017-03-13,19217.367192581583,3723.909622036303,36311.29584273281,19586.86
2017-03-14,19436.72640016543,4044.0120800771797,36090.77539189381,21197.75
2017-03-15,17974.438010710477,1593.028942727407,32799.503560228244,19790.71
2017-03-16,17457.29539913813,898.0892454661166,32984.05046330678,24002.62
2017-03-17,17072.249650413763,1533.399225332477,33098.700681425944,16038.01
2017-03-18,8528.936813687811,-7169.475556543296,24596.64778961163,18846.64
2017-03-19,9676.178371390717,-5362.529528558983,25591.419471446105,8344.73
2017-03-20,19660.331591354938,3588.5927931756437,36767.42774598322,22572.98
2017-03-21,19796.507833835,2917.0737168817577,35605.3810171241,14659.43
2017-03-22,18234.40306763744,791.9344470589484,34176.04522041235,19747.3
2017-03-23,17602.031866987054,1921.4088434023254,34192.26822585227,26137.32
2017-03-24,17088.25342562964,566.981719411859,33926.922466130585,13187.19
2017-03-25,8405.262926741962,-8338.06680997539,24485.66772594152,14099.12
2017-03-26,9405.035814357607,-6921.096335100802,24829.71665299425,8104.71
2017-03-27,19237.603101484405,3996.5504683961058,35073.93238951515,20323.12
2017-03-28,19222.177771604915,4001.9435779388064,35417.99603036748,16092.64
2017-03-29,17512.878971955637,2348.688010560313,33540.11516308736,11677.31
2017-03-30,16742.34810790291,1863.4403947796284,32369.524092016876,13249.289999999999
2017-03-31,16104.149084443443,-68.91005128601356,32574.383206532795,14335.98
2017-04-01,7315.126620277357,-8319.977692403832,22495.550622439012,19140.26
2017-04-02,8231.719286239604,-7817.297776354822,23434.24595858771,17930.44
2017-04-03,18008.103380588884,3281.229934746979,32780.40140294391,12516.04
2017-04-04,17967.194007124053,885.773751340384,32577.395192716343,16373.4
2017-04-05,16266.252873860878,545.8493415058939,32330.630968577752,20681.67
2017-04-06,15540.4000721961,-305.55994131437905,31700.942315246528,20672.85
2017-04-07,14984.924369652164,-817.5056652843297,30863.295966072594,16111.65
2017-04-08,6317.571203207359,-9028.981240736844,21853.890109432785,9642.32
2017-04-09,7394.801467008983,-8906.389014947677,22928.730614388238,10406.13
2017-04-10,17369.904335532523,1788.5888077127718,32752.871801550038,14240.6
2017-04-11,17563.988711710525,2165.385563304677,33807.609225990236,10196.91
2017-04-12,16131.60384460558,583.9619198967995,32182.733596484723,9415.52
2017-04-13,15704.286288926352,-389.28844784997443,31496.688966873415,12476.960000000001
2017-04-14,15472.927098576632,-2114.566264024015,30692.257263510754,8457.22
2017-04-15,7150.137266566334,-8539.182209206143,23097.286994259466,8872.04
2017-04-16,8586.60282778577,-7142.355429812588,25301.476865407465,6719.37
2017-04-17,18929.310728463704,2364.3922129084262,34454.70406326893,9334.48
2017-04-18,19492.667509644292,4192.951755038584,35974.990445625845,26631.78
2017-04-19,18424.25846372644,3202.725207025572,33921.339213195795,17015.4
2017-04-20,18348.541280741018,2881.104332225462,33485.204377560345,17002.56
2017-04-21,18449.36472455251,2499.775214793621,34674.387174754644,12622.14
2017-04-22,10440.6182116143,-5403.569605447467,25946.207136501984,17383.48
2017-04-23,12158.34358041917,-4266.408147143192,28017.297476752592,12245.96
2017-04-24,22743.49996625996,7142.230482444104,38026.14433691009,17852.58
2017-04-25,23505.087249180142,6536.98559065888,40441.52162502618,17771.32
2017-04-26,22586.029250449777,7561.063927493687,38251.0077807047,20326.62
2017-04-27,22606.976528903768,6160.589391108599,37887.005801797786,14824.74
2017-04-28,22748.916818009482,7496.654784280483,38498.08613907601,20424.66
2017-04-29,14715.765543270063,-528.3224084816429,29746.06897627807,17237.27
2017-04-30,16350.92266948975,764.1097901421127,32993.307122260005,9931.39
2017-05-01,26795.672336554908,10598.533029218057,43191.34439569774,15117.52
2017-05-02,27360.443311199477,10950.740309267385,42733.950882623496,21977.98
2017-05-03,26190.67460778239,10564.617022167058,41937.724830510735,13057.06
2017-05-04,25910.57777151698,9210.576034493142,42146.726427621616,19595.76
2017-05-05,25705.684678797348,10045.984939420174,41121.27039184699,18126.11
2017-05-06,17285.354584459496,1050.9881243784273,33326.465349564736,19639.71
2017-05-07,18499.228400308086,2031.9003345336582,32981.46021266614,19920.62
2017-05-08,28495.508802849523,12798.425722162669,43401.64894999415,24515.73
2017-05-09,28592.086691683027,13448.375081040427,44489.128356033274,35157.97
2017-05-10,26942.26114590682,11898.557866881649,42954.00307406215,31732.69
2017-05-11,26178.347403492793,11406.167377494377,43530.050107253555,25519.03
2017-05-12,25494.064923183952,9887.384232400222,40985.46900222059,15909.59
2017-05-13,16606.88256775285,1058.4656495651345,32491.817938958255,11102.21
2017-05-14,17374.31234564145,1007.2491532779648,34318.280200358866,18898.44
2017-05-15,26952.033074336658,12047.022580958164,43675.999706512295,27751.33
2017-05-16,26664.868782656056,11314.01115788626,42344.6839408665,29858.53
2017-05-17,24672.37095156673,8418.699547455964,39729.08169238572,23739.62
2017-05-18,23612.302475732653,8032.748543627403,40159.4101735307,27507.57
2017-05-19,22682.91782712038,8295.321142484603,38437.68784730174,29524.32
2017-05-20,13605.218658255708,-2009.3445527712302,29604.193905399883,13735.34
2017-05-21,14239.177998448024,-2120.7129910545027,29867.222298604338,21953.89
2017-05-22,23741.816368262367,7665.638280410577,39700.681528114175,29658.95
2017-05-23,23438.154524898913,7273.346213683785,39422.01138708655,22787.54
2017-05-24,21486.79355984398,5550.633875159101,37709.59507942571,30162.29
2017-05-25,20523.419760859826,4418.272735656714,37103.428849812124,20637.66
2017-05-26,19743.12844393801,5209.399786374596,35617.611177581,14965.72
2017-05-27,10862.745158089587,-4171.379563152209,27378.639457450692,20966.21
2017-05-28,11737.136149817068,-4045.949101674802,27446.69838159915,12767.72
2017-05-29,21517.38973827132,4901.054893423195,36655.7639493879,22436.21
2017-05-30,21521.8912657736,5813.220473789509,37372.31738695281,22780.64
2017-05-31,19902.039961653718,3600.474533707923,35461.32552865528,25641.84
2017-06-01,19285.902458599685,2911.436241804392,34827.48235429132,22184.86
2017-06-02,18860.69425528511,3991.2658708109916,34650.109211625575,21558.95
2017-06-03,10335.264431701271,-5504.552149566903,26102.7353887156,18543.93
2017-06-04,11556.572281003288,-2452.6706876150806,26528.064185063773,15638.25
2017-06-05,21668.03404858133,5805.130810761349,38789.182458191666,29602.37
2017-06-06,21980.760006070712,5475.935587353432,37074.18446315874,17795.09
2017-06-07,20639.42524613569,3578.735356899572,36976.36257728737,16851.48
2017-06-08,20266.067532836554,4337.005293131366,35568.15903572894,30185.78
2017-06-09,20042.699700225705,5049.158900448926,35998.246411117405,21469.24
2017-06-10,11673.909366990294,-4063.8281647059102,26506.784672538546,10333.99
2017-06-11,13003.432205248952,-2725.470859052268,27938.30218479137,19294.489999999998
2017-06-12,23172.57503329549,7989.437543948915,38456.59960964315,28239.33
2017-06-13,23491.50638430822,8389.832368175297,39528.58387938292,18276.24
2017-06-14,22105.158345372125,5634.880670952169,37804.97543785001,28251.11
2017-06-15,21637.030419049985,6193.564272065236,36995.46716457055,15909.39
2017-06-16,21271.783352055172,4063.102823550141,36730.44354047454,15395.81
2017-06-17,12717.795596134156,-2606.5686564738244,27550.820957487722,14435.26
2017-06-18,13823.669188092354,-2371.529523662422,29186.920614318893,19107.07
2017-06-19,23736.562343473524,6564.97889061203,40659.626924050324,30019.73
2017-06-20,23773.367905269806,8034.724533044336,40102.44293924532,22598.25
2017-06-21,22086.483374092688,5460.169762625603,38161.486585606544,7719.5
2017-06-22,21307.465617579423,5085.490449966573,37324.970633158504,11436.23
2017-06-23,20629.460925667398,4805.027570566225,36566.34548981665,16399.16
2017-06-24,11769.58612873833,-3014.332635697514,28329.78404911546,11410.76
2017-06-25,12585.250895972855,-3506.6495408829364,27549.260235882455,20713.0
2017-06-26,22232.302057375753,6343.943677702398,37743.84179940653,17774.64
2017-06-27,22036.012756547236,5759.447441540829,37312.423216466,22780.75
2017-06-28,20156.666142360416,4854.121157469546,35759.136408493854,21563.75
2017-06-29,19233.030116103157,3019.766479547505,34762.15752199036,16397.26
2017-06-30,18464.617928567503,2758.4432163440647,33438.99896082237,15709.42
2017-07-01,9573.913759949202,-6282.531781826112,25453.156532245175,17436.41
2017-07-02,10422.556837061118,-4865.146316915698,26946.482458821607,15638.42
2017-07-03,20169.3680500912,3945.442409126074,35772.39411938719,21416.33
2017-07-04,20141.244683627312,4149.229343791752,36078.132957832255,19111.15
2017-07-05,18498.675135544894,2403.9011340573256,34181.68692671772,28146.16
2017-07-06,17879.172415470046,2401.562587226178,33681.825009511034,28881.98
2017-07-07,17479.522205448982,3019.797546414405,32370.109546785512,19446.4
2017-07-08,9018.025626218125,-6941.577879564683,24664.904629352786,12500.56
2017-07-09,10350.730458562459,-4724.04050346008,26259.161946475728,11235.6
2017-07-10,20629.53441228185,3885.87225902166,36575.37037368631,26786.61
2017-07-11,21173.185080222935,4555.054546349744,37421.67062398073,28251.15
2017-07-12,20132.926871078307,4804.926939273004,36228.4999441692,25064.8
2017-07-13,20136.09154946501,4007.432474659439,35807.07576751242,22216.3
2017-07-14,20368.525452147966,4097.069105531805,34996.66881063097,25254.55
2017-07-15,12537.030301610224,-2929.272557509221,28897.755831746217,16087.56
2017-07-16,14485.807693303135,-824.6643210938801,30222.350301757255,22391.19
2017-07-17,25354.78679035469,8234.980033460657,40110.71589042915,32843.26
2017-07-18,26450.855496742086,10707.130297540034,41942.519463536475,40502.54
2017-07-19,25913.740811329557,10859.843969229614,42470.153243748566,28887.64
2017-07-20,26359.830650347223,10695.455914791852,41505.70962774722,27914.79
2017-07-21,26964.823548499444,11553.726050347868,41926.171509509724,24964.36
2017-07-22,19426.38227034167,3032.798059160958,35345.35934961697,17517.48
2017-07-23,21580.77308046253,4715.44221930723,38740.403889471854,13850.93
2017-07-24,32561.367847257545,17405.981208534457,49266.034741241536,25491.84
2017-07-25,33670.02497252554,17801.715061540664,48382.3249708123,25541.25
2017-07-26,33043.09140319296,16139.823174331685,48528.71169178765,17508.62
2017-07-27,33295.31472087489,17167.296644772832,49036.96977774108,22915.7
2017-07-28,33602.55131560381,18017.835698048442,49545.900933886776,30065.16
2017-07-29,25664.4412367551,8990.264814210557,40810.56662656833,21550.27
2017-07-30,27321.034348990637,10670.92152112358,40957.46264816088,17925.33
2017-07-31,37711.24289200813,21236.845136389922,54426.99363216692,23824.49
2017-08-01,38144.137403768065,22711.87190415187,53904.486768209834,33950.55
2017-08-02,36764.82961428478,19618.905751041748,52840.10338696459,25908.66
2017-08-03,36198.23340036296,19113.38957573089,51277.65148452521,24412.23
2017-08-04,35631.592613324356,19220.797248920895,51134.645401739144,25640.13
2017-08-05,26776.949836867352,11790.915892371298,42573.16187093528,15505.39
2017-08-06,27487.544759249286,13013.204984307444,44433.676102993835,17509.28
2017-08-07,36916.0218246826,22025.454053541187,51892.86399567252,32846.99
2017-08-08,36385.469106206176,20406.357317147576,52921.04451355073,24932.19
2017-08-09,34055.0372989804,19145.255528894824,50468.14174168319,32560.35
2017-08-10,32563.435412974384,17224.273394808915,48558.23412660444,27841.45
2017-08-11,31853.02359125839,14828.155298324155,47024.872398483276,27331.63
2017-08-12,22906.552374875246,6858.4460552005285,37486.72249940818,19350.17
2017-08-13,23588.802944894902,6708.379387378272,38663.11649628551,19283.6
2017-08-14,33062.75255093904,18335.441681091917,48039.4459979297,25283.36
2017-08-15,32660.42195657254,16977.21297896657,48124.74607151794,30416.72
2017-08-16,30548.331865591255,14143.87713156091,45727.72583699555,33257.93
2017-08-17,29370.868405685604,14064.422744457697,43997.750319700914,24246.99
2017-08-18,28332.45483935127,13182.408263819065,43474.73208420772,22848.03
2017-08-19,19159.711097040003,3980.117485557491,36029.40483368438,18748.15
2017-08-20,19717.596358042,4355.712960063844,34571.57462300655,17327.87
2017-08-21,29167.419733926497,13127.283591269113,45371.341879916035,34064.78
2017-08-22,28837.745105806738,12984.127901704265,44877.1566093907,23294.42
2017-08-23,26889.941741595372,11068.719785663076,42057.84382572493,74270.01000000001
2017-08-24,25961.678547078533,10906.97732044645,41544.71996634243,18290.79
2017-08-25,25249.25611415744,10011.520806081719,42102.9667364371,19093.5
2017-08-26,16469.954436697117,986.9468976088793,32327.216475364778,12700.24
2017-08-27,17478.387162673902,1733.3181786285213,33992.1010066499,18264.07
2017-08-28,27424.742549763938,11195.600225069767,43419.9637824293,28924.79
2017-08-29,27625.93187028585,10739.614245189146,43849.732549737186,40635.51
2017-08-30,26231.391295847072,10871.120043060077,42254.618088360774,36537.32
2017-08-31,25866.82936013109,10023.54092722801,42618.088010343214,29802.55
2017-09-01,25716.808387632984,8961.039446027984,41030.009688087346,37631.44
2017-09-02,17487.332098610263,741.1871346174302,32966.90135408455,24534.43
2017-09-03,19022.42486585932,2114.715469486722,35651.81966857763,42155.07
2017-09-04,29462.57775162273,12588.781055588626,45908.24626447908,31030.56
2017-09-05,30116.077580445675,13567.145505023944,46062.86485761239,30447.5
2017-09-06,29124.961173710155,13486.050520133846,45099.095201154814,33580.48
2017-09-07,29108.88366442301,12230.31368455186,45207.14277121381,21758.14
2017-09-08,29247.786886786824,12986.680118569464,45140.13111813021,20126.76
2017-09-09,21244.538506535293,5693.806433039396,35757.8955245116,21020.02
2017-09-10,22941.526694530257,6666.2306786408435,39397.924646730724,23662.11
2017-09-11,33479.085727364385,17266.71284802174,48799.05917454128,30070.79
2017-09-12,34166.7698751156,17582.22933402233,49634.22241115244,60091.46
2017-09-13,33149.21969539612,16942.651198753698,46847.898044190326,36445.74
2017-09-14,33049.91243986633,16904.2072639679,49095.921630582525,33696.51
2017-09-15,33053.68608915931,17179.53544473777,49612.08808178775,23692.08
2017-09-16,24869.21184411633,9359.113087818992,40651.25826839655,23335.74
2017-09-17,26345.40456775004,10399.931802706957,40413.975671701824,24837.21
2017-09-18,36629.65166257175,20978.571440690113,53164.274902539226,43976.0
2017-09-19,37038.88311616619,21057.0119209397,51982.57097482309,30929.2
2017-09-20,35725.2323422174,19544.568521719888,51904.86089473677,28727.63
2017-09-21,35319.58501666653,20280.73408489536,50483.787778630554,26894.079999999998
2017-09-22,35013.91076334833,19592.53281176887,51758.124224388994,23635.01
2017-09-23,26523.557556365315,9675.062571185641,42315.909008853305,14399.7
2017-09-24,27703.502874292226,11552.075361614443,42537.7570433827,19566.68
2017-09-25,37706.44648896254,21885.297184908854,53154.37338472776,25445.329999999998
2017-09-26,37853.77033051123,21848.502526521843,54149.59724230251,27777.01
2017-09-27,36301.11838508351,20664.866693270786,52293.91004899957,33694.72
2017-09-28,35681.89530361158,20322.257005898704,51274.84113930914,39587.29
2017-09-29,35189.57959573182,19399.368820796,50367.21168299086,136905.1
2017-09-30,26540.03133165907,10859.450547236373,43053.51133377404,15898.91
2017-10-01,27587.78761396395,10877.82033175555,44375.18008611961,24979.91
2017-10-02,37484.22864334877,21541.444132226556,53050.034922917446,47594.39
2017-10-03,37548.63796339274,21939.62579116911,52353.06679054495,32878.81
2017-10-04,35933.90585256438,20476.676424467,51294.86295718766,27140.68
2017-10-05,35270.17091674477,18620.838525790197,51230.40931958262,47005.3
2017-10-06,34747.291158880034,18578.064116011283,51162.69793104312,26055.41
2017-10-07,26077.31948689733,10727.66281106464,40908.37208717689,21773.08
2017-10-08,27110.971662221553,11571.933321049442,43526.144517249646,22687.68
2017-10-09,36995.964103405655,20214.08188141344,53958.24198009829,39623.59
2017-10-10,37048.239720037694,21093.3741972361,52675.36611590606,34208.59
2017-10-11,35417.82548933678,18319.00551259208,51478.74192045527,26042.66
2017-10-12,34732.61187352982,19109.151614497336,50005.3714376484,28475.55
2017-10-13,34180.940844843644,19371.19722287912,49756.336134152065,31760.920000000002
2017-10-14,25474.173543442448,8912.831451375414,41938.32898542518,17071.36
2017-10-15,26463.22232681026,10482.277327603344,41805.833427818136,24554.87
2017-10-16,36296.92209129435,20889.17444919189,51406.13138146887,39849.840000000004
2017-10-17,36293.257846336506,21507.17345975931,51805.85978116619,57995.85
2017-10-18,34605.19080136875,18007.683073318374,49794.65619980893,41192.57
2017-10-19,33864.374133024765,17769.697074278687,48776.15031724632,30458.72
2017-10-20,33263.64604552235,17687.233469128765,48395.68801000303,23364.1
2017-10-21,24519.473398541566,8747.895395786158,40595.95966066468,21178.57
2017-10-22,25488.333716228408,9786.52045418718,40985.58517850975,27596.01
2017-10-23,35324.91440185136,19309.76096756055,50592.56207550721,32094.88
2017-10-24,35353.150327166164,18901.569642539453,50800.463315959045,34786.67
2017-10-25,33731.84802070728,17717.7663097935,49156.871092529924,27244.53
2017-10-26,33098.192480750906,18207.515411431243,48833.673285534605,33186.76
2017-10-27,32650.03057694222,17362.98881821727,49141.29304527531,33372.11
2017-10-28,24108.110351298714,7841.699418710203,39610.6362809801,21446.989999999998
2017-10-29,25332.27013750718,9917.975640321532,41366.999904690914,27758.73
2017-10-30,35479.46225185229,18967.316312206403,50403.8285227584,29972.8
2017-10-31,35874.638012035204,19176.029221674013,50896.09727350297,38658.28
2017-11-01,34676.247395326856,19081.6730949553,50558.65105386778,31543.41
2017-11-02,34519.653803738314,17788.6737567474,49195.13788094227,29381.82
2017-11-03,34599.36156323491,18547.8108348546,51057.01458595734,37757.76
2017-11-04,26631.23824179617,11161.276548853823,42972.209467646986,39794.65
2017-11-05,28468.727498035085,13468.911271411853,43308.12422698451,24271.27
2017-11-06,39260.937961171716,23814.03090674418,54375.92506980723,36862.62
2017-11-07,40323.634560889055,24261.465245359148,55419.80635758901,29309.190000000002
2017-11-08,39804.88417060662,24629.131886183415,55859.87446742205,31104.96
2017-11-09,40328.65359679119,25356.189275784633,56092.53416472938,37080.9
2017-11-10,41077.253849643515,23717.84692237686,56582.39081705739,26597.06
2017-11-11,33753.808432721,17850.57780712054,50360.571247038584,28590.65
2017-11-12,36198.73593380998,19776.492992178948,52667.987922224274,30109.49
2017-11-13,47548.126345584664,31617.303081571325,63763.65564007732,35173.12
2017-11-14,49105.03085940841,34300.07351613442,65588.98972073793,33298.07
2017-11-15,49005.4099083862,33013.12630902985,64779.70616638477,32479.45
2017-11-16,49862.03006221836,35184.08864442722,65402.15941109648,40008.25
2017-11-17,50847.1964362256,34736.21885041856,66314.05086344894,48189.09
2017-11-18,43655.49089551887,27384.676154768335,59934.64897770999,34379.05
2017-11-19,46120.49941088579,31700.114805960635,61065.07848479227,26696.39
2017-11-20,57373.40146410256,40316.63545500858,72733.07947443884,60667.16
2017-11-21,58714.43538665378,41760.250870058306,74191.28870586675,52416.27
2017-11-22,58278.97935977736,43584.33117406392,73360.38874328462,41318.02
2017-11-23,58681.53458007011,41854.2601667932,73228.33576522947,76854.4
2017-11-24,59098.4942171476,43773.89358536955,75329.8462118606,251047.59
2017-11-25,51230.86656130762,36169.578364833134,67162.77442588592,92446.61
2017-11-26,52920.9350470999,36275.8111780748,69033.62649995071,66781.83
2017-11-27,63310.7286245966,47778.67798350672,78535.47204035945,78189.86
2017-11-28,63713.318179010486,48603.754867798074,79034.62977928016,80664.22
2017-11-29,62278.6817579554,46370.50367159857,78603.65370561792,55560.61
2017-11-30,60834.63646101189,44474.1080532265,77461.69424595301,42242.07
2017-12-01,59377.690017626184,43977.73321010584,76031.80601988929,55857.83
2017-12-02,49627.05832671059,34244.121818619285,65124.56552080746,38745.39
2017-12-03,49443.7669450563,34164.80292572125,65401.252531258295,41955.67
2017-12-04,57988.75346949357,42170.64169932908,74406.91738591474,59393.16
2017-12-05,56593.787435018356,40203.46302500816,73597.48505853943,52541.03
2017-12-06,53426.95884798127,37678.844095513836,69448.2229957471,55552.23
2017-12-07,51136.03447000803,35958.976337439584,66257.90778526387,41344.92
2017-12-08,48930.579022567836,33374.796494298644,65273.025502107594,37747.73
2017-12-09,38544.023866118514,22365.026748960223,54752.45589425225,24533.93
2017-12-10,37849.68027654935,22032.65730101806,53317.74926307107,30403.82
2017-12-11,46018.58516530263,29055.35730370885,62319.36549587454,42926.27
2017-12-12,44390.208915613235,29137.11026803773,60331.86499177446,46053.58
2017-12-13,41137.78132769723,24261.13325182036,57196.30711547152,55357.54
2017-12-14,38911.53853893536,23873.852307049303,55175.34295356525,32325.25
2017-12-15,36920.79062273273,20257.623658781115,52206.092670350685,37180.58
2017-12-16,26895.993677736376,11731.98872474919,42033.849601284535,25268.29
2017-12-17,26704.82348105112,11192.343737384583,41887.23590071849,24653.87
2017-12-18,35510.13719740772,20437.92249018591,51912.008714900454,38828.54
2017-12-19,34640.850189834615,19640.540898248306,50778.2806314177,28067.36
2017-12-20,32257.480090747355,16185.209155107214,48129.40461463009,37157.95
2017-12-21,30995.65604910275,16877.262980095285,47115.954402790696,22465.66
2017-12-22,30067.622531336514,15271.71787411619,46547.25039984552,20793.41
2017-12-23,21167.236600730255,5690.197767974854,36466.117585434746,15179.47
2017-12-24,22143.804446811053,6367.1750304688,36451.044991917646,6814.05
2017-12-25,32141.279483520517,16769.87146466013,47371.09931461592,14116.56
2017-12-26,32469.51884439261,17667.174481563565,48724.96471517421,26118.56
2017-12-27,31270.20638858512,15319.80858471167,47934.43060826306,22966.010000000002
2017-12-28,31160.731787554803,16163.687645661379,46844.151687595506,18413.18
2017-12-29,31316.911383777864,14374.06031231865,46328.43301806039,22532.49
2017-12-30,23435.720234870794,5920.063094868315,38360.084500286226,16786.6
2017-12-31,25352.017973031136,10623.620882182773,40632.74864479172,9754.67
2018-01-01,36197.14082160915,19953.91899372704,51552.092315947884,9382.34
2018-01-02,37270.37328654283,23161.39365201241,53787.7491304124,32227.84
2018-01-03,36705.03908937337,21797.60553927672,52956.24238839447,41707.27
2018-01-04,37112.497887749574,21526.924947141415,52879.49385869552,42036.62
2018-01-05,37664.93165149027,21725.71975248046,52973.10324811666,38519.28
2018-01-06,30058.08951471343,13255.547693905673,46161.25358887909,47081.48
2018-01-07,32127.97436999386,15902.24465706616,47483.63251123141,40125.56
2018-01-08,43009.34538112439,26606.216829621644,59070.28879500681,53880.81
2018-01-09,44007.052905345474,28171.103926648364,60760.09764850604,41563.87
2018-01-10,43261.94941710681,26757.97259143445,59326.48372687078,63678.42
2018-01-11,43394.66794465383,27355.488817077938,58458.074090817514,73992.87
2018-01-12,43588.157660482946,29149.62743210822,60488.74058871174,48303.06
2018-01-13,35550.15192916126,18995.64651774103,50412.67884970016,34671.409999999996
2018-01-14,37129.55872848931,21090.953407505607,52242.27398552718,38872.11
2018-01-15,47474.65539656278,31542.91071005458,62918.470999140525,55441.71
2018-01-16,47904.11102759761,32751.534551059685,63929.98704354175,61688.299999999996
2018-01-17,46572.58770526151,29766.936101779702,62644.15046145419,42925.16
2018-01-18,46114.21913565779,30183.1173491719,63424.70447301652,38937.48
2018-01-19,45724.8630348657,30159.947509675087,62130.08163484255,36022.36
2018-01-20,37124.308687211946,21351.527340916415,52162.30946939247,31612.510000000002
2018-01-21,38172.43533960717,22496.91980664662,56006.30154561095,28792.95
2018-01-22,48027.20751573611,32919.05187365109,64258.48395078254,51710.26
2018-01-23,48015.53487725042,33264.89510408715,64122.44817855619,50299.02
2018-01-24,46298.750334469834,31477.364285616677,61702.22263681656,42614.16
2018-01-25,45516.006777210794,29685.188548552258,61766.2137148315,40352.51
2018-01-26,44866.48948434813,28267.21516064387,60034.467763421984,46892.91
2018-01-27,36071.62528670685,22103.806746184582,51889.4477333608,33339.72
2018-01-28,36991.28279314497,23012.95315317819,52512.569246667335,29331.98
2018-01-29,46781.847450042944,31408.049042574,62538.06788127122,46745.34
2018-01-30,46767.195871365635,30272.69440577289,62831.51519984625,56955.89
2018-01-31,45104.31917271677,27777.338441620454,60180.30113061427,42926.87
2018-02-01,44426.891053403684,29844.690550910236,59877.183311785695,61082.2
2018-02-02,43927.672530779164,27585.121704087618,59577.12391719398,43403.31
2018-02-03,35320.9288646895,18674.254344650217,50620.07118226844,29529.38
2018-02-04,36458.84717414652,20484.009104741894,51897.80095239996,31931.66
2018-02-05,46489.832855771376,30941.098000284015,62300.02792254862,50934.47
2018-02-06,46729.703086964306,30440.300600310045,62706.58037251753,51428.84
2018-02-07,45327.52196681554,29101.576418866003,60467.40799208082,43213.8
2018-02-08,44909.36765007946,28389.781890061262,60256.14094932214,37239.35
2018-02-09,44660.91870008961,28536.633964620847,60712.5477899823,38989.340000000004
2018-02-10,36290.03107636556,20591.022688821893,52710.619794978265,28552.55
2018-02-11,37643.29086205059,22360.735395104828,53162.90068432045,33307.0
2018-02-12,47864.417977360186,32475.010041944814,64292.94288424803,35988.13
2018-02-13,48265.537675689506,32676.232875906022,64379.333437073,34860.38
2018-02-14,46993.06297550788,31715.32513617112,62517.51865128121,57179.72
2018-02-15,46671.47839505592,31330.47544440146,62646.984781763684,42538.270000000004
2018-02-16,46485.912831763366,30244.455347555187,61621.54582438199,42087.53
2018-02-17,38144.674447358004,21822.835616361543,52655.35842381214,34269.12
2018-02-18,39495.73484336929,22434.559735720024,55240.47907762856,35440.32
2018-02-19,49685.04060952632,33476.81781038324,66100.58128497664,42880.62
2018-02-20,50027.67244356084,32754.123140607455,65337.91147681188,46777.94
2018-02-21,48673.59885542252,33571.21293147697,64507.07933698744,48784.09
2018-02-22,48251.319028074744,32304.95642584076,64837.08688865054,91610.52
2018-02-23,47950.28710126733,33978.6669308207,65113.61458296067,36835.44
2018-02-24,39483.29526044391,23718.22280039318,55840.04557015492,31313.79
2018-02-25,40702.80740487132,24768.465169228835,56458.70631159515,42709.840000000004
2018-02-26,50759.12581481689,35759.80283282065,67710.83118733465,58131.26
2018-02-27,50971.415057896964,35001.250649277674,66858.11608639521,69411.48
2018-02-28,49493.33396960954,33220.66763785854,65435.1928989363,61911.61
2018-03-01,48956.57324573236,33696.7219139412,64473.46618977431,62969.56
2018-03-02,48553.193846037524,33598.98304091788,65432.22766359844,45201.27
2018-03-03,39997.94552595692,25205.396886020888,55469.28326468064,34132.88
2018-03-04,41144.55870348773,25502.04121861642,57048.335205413176,37531.6
2018-03-05,51143.89280501842,34825.361446123854,66542.35029570185,67185.66
2018-03-06,51314.965390402285,35821.52200220242,68026.01179555035,52225.02
2018-03-07,49810.612119238285,35038.65970067739,65225.73799361732,51785.58
2018-03-08,49261.07406121758,34286.110835901265,64389.15991734925,46820.87
2018-03-09,48856.40539931011,32097.14282038953,64885.232119101194,39559.28
2018-03-10,40308.87853984296,24563.86156676059,56774.77654258954,40663.26
2018-03-11,41469.37691848844,25283.86023104757,56373.51214857345,41156.33
2018-03-12,51485.65537993931,36627.3798523691,66931.40743237612,39874.23
2018-03-13,51673.48888884888,36408.468284524795,67470.48273149591,49365.13
2018-03-14,50182.455918073065,34292.498691774446,66314.11321251282,35911.32
2018-03-15,49639.64923274801,34278.344450164106,65613.6327321804,57147.38
2018-03-16,49232.20337382078,33313.41736288929,64575.931900089585,51127.87
2018-03-17,40669.81225207104,23484.55799480342,55724.83139061564,30752.5
2018-03-18,41801.22377935612,26509.5772375624,58259.947818514585,39791.53
2018-03-19,51772.58838411905,34758.70088857642,66169.90508419335,75561.96
2018-03-20,51898.679548946326,35184.854022214175,67037.35927470984,52062.08
2018-03-21,50328.73050696775,34757.68258651145,66650.87730305284,50690.34
2018-03-22,49690.17856030517,33941.709986950584,65245.81371950856,43508.45
2018-03-23,49171.20459009908,34201.257512924385,64889.804673490704,41552.49
2018-03-24,40483.24143482485,24655.944965099225,55710.03309000521,33080.15
2018-03-25,41477.43787997791,26591.8618226218,58865.83540351074,39576.89
2018-03-26,51302.95593798595,34315.65870984147,66073.89841321773,49117.78
2018-03-27,51278.12088672124,34929.08291941525,65535.87275317931,56423.79
2018-03-28,49556.17013349599,33797.96120321985,65115.39353892321,35687.83
2018-03-29,48768.89435264523,32293.052918351383,63899.08022924366,37619.18
2018-03-30,48109.061913910715,32096.16928460707,64075.63383984802,33297.27
2018-03-31,39292.80265695605,23741.597246134388,54788.931621328615,40898.02
2018-04-01,40175.941437498426,24111.58755968218,55396.65844807749,40784.0
2018-04-02,49912.16254637324,34713.17117796482,66630.53408268873,67682.09
2018-04-03,49824.02803206965,33092.98181003136,66990.4614544236,49286.82
2018-04-04,48068.599530128566,31537.042015585823,63536.54070366836,51844.75
2018-04-05,47280.960468182624,31586.493219256532,63712.310446537456,51211.12
2018-04-06,46656.53287933556,31611.780513962716,60824.17057630336,39228.08
2018-04-07,37913.36780810122,22847.9195259465,54124.766235825206,33061.28
2018-04-08,38908.4023029949,21990.286493095424,53653.43472685188,32932.47
2018-04-09,48795.56624105982,33882.190559537936,64487.7671678675,66465.92
2018-04-10,48896.76368256819,32565.200070471925,64521.2812893229,38131.95
2018-04-11,47367.479509343844,31694.898524461452,63472.19483791506,51503.13
2018-04-12,46760.472402467356,30429.420303832674,62550.93279521867,50324.83
2018-04-13,46347.63054646168,30663.12621245114,61863.11642826405,45215.85
2018-04-14,37842.80433348582,21497.20231879407,53849.063490521236,32254.510000000002
2018-04-15,39097.97222495433,23457.49676727644,56147.68625180178,47054.36
2018-04-16,49261.43935749188,34471.93197809875,66149.45536954688,58570.3
2018-04-17,49648.92798438983,32778.5479873598,65707.60600176567,61416.38
2018-04-18,48409.308060369374,33015.39630347538,64172.84593270773,56003.51
2018-04-19,48168.262639624976,32220.245665015813,63026.14616786818,87141.73
2018-04-20,48110.77927548952,32233.603935281248,64730.793233254895,40631.33
2018-04-21,39943.64259234172,24497.74822905079,55088.761045001695,25220.43
2018-04-22,41511.91653495449,26803.012884737927,57284.68313069784,39241.61
2018-04-23,51957.29448777635,35439.3438927092,68037.44843030596,51568.1
2018-04-24,52589.3364655946,36579.83404812668,68289.05148252143,63790.33
2018-04-25,51551.3383243851,34543.03608314645,67418.15427566336,55684.96
2018-04-26,51464.12448972267,35527.07733202151,66371.4597300841,46709.87
2018-04-27,51508.65247771696,35003.52977373551,67848.40186754175,62838.79
2018-04-28,43388.60178872603,27837.780625429932,58316.394500384544,31754.5
2018-04-29,44946.93346969162,28951.463440566455,60979.68991040593,26201.01
2018-04-30,55324.296755440024,40332.77795087205,70268.93870949389,52546.4
2018-05-01,55830.300673984915,40973.93946669795,72092.00489323188,42834.53
2018-05-02,54609.394738331495,39206.499605340985,70381.18731126777,56326.06
2018-05-03,54284.64990281831,38604.37452991486,70116.26594842541,64019.65
2018-05-04,54040.32824805606,38479.26130436935,69426.81562633028,55162.81
2018-05-05,45584.41466610418,28619.08247841962,60457.66089165385,39920.48
2018-05-06,46765.09801500077,30656.57403372744,63292.26013105402,36968.45
2018-05-07,56729.07978052846,41351.214904667664,72019.91278490947,76101.97
2018-05-08,56792.73017238419,42103.08850333056,72298.53072913652,66359.94
2018-05-09,55107.83818772293,39503.64386382353,71287.8329631922,67607.88
2018-05-10,54305.24954486192,38299.66691008405,70985.13359897486,79215.61
2018-05-11,53577.283929342695,35504.199177204064,68327.0064209912,59818.36
2018-05-12,44640.107991976736,28970.16185472376,60762.13667728976,42852.01
2018-05-13,45350.054857572606,30468.66004557885,61126.76393303422,46056.24
2018-05-14,54861.77152350967,38786.85144329333,69298.30827772545,73173.15
2018-05-15,54499.217400251604,39088.32466538482,70557.7427230556,78575.8
2018-05-16,52421.26376596878,36883.96009989224,69562.10821276312,79512.59
2018-05-17,51265.19112572725,35733.689409638915,67081.35993842897,42299.409999999996
2018-05-18,50228.978793500704,35273.521998062126,66525.87295355159,46068.68
2018-05-19,41033.565742069724,24401.25592390383,56989.46121340631,34834.1
2018-05-20,41539.07576588251,25531.39933180289,57665.56613263265,28818.920000000002
2018-05-21,50902.890257763574,34903.28137712683,66507.5754510375,40773.93
2018-05-22,50450.59337433287,34254.497965544506,65647.09154465023,54188.4
2018-05-23,48341.54045602701,31980.38144326763,63765.24690120453,25008.27
2018-05-24,47212.34733982579,32044.13575938375,63929.79926767404,27678.31
2018-05-25,46259.195071757335,30272.32830175583,61541.49277954591,31744.49
2018-05-26,37200.12879413846,20905.84211301557,54435.677133119665,22437.170000000002
2018-05-27,37891.34312882917,21241.298135675162,54311.339636392484,16329.19
2018-05-28,47485.336197095115,32399.676630377282,63103.91471545091,40143.89
2018-05-29,47301.95547572638,32284.015149689134,61989.07548904542,36424.9
2018-05-30,45494.08439693702,29340.19023304589,60563.485463582416,30571.11
2018-05-31,44691.26502729244,29663.608281290642,60798.1252627222,33423.33
2018-06-01,44082.14872703072,29530.12602236161,60126.26016298438,65404.79
2018-06-02,35376.95070799692,20034.961455717614,50163.10717396597,31978.98
2018-06-03,36423.89775558458,21299.30379446132,52714.00157558642,38307.11
2018-06-04,46367.54805875308,31085.140769450827,62851.48036837515,39736.090000000004
2018-06-05,46520.0030690264,31697.032556270147,62336.243836448215,54503.49
2018-06-06,45026.75699788309,28940.03398796241,60238.1758257929,44285.0
2018-06-07,44510.47603008387,28302.848724189123,60589.64389542767,52537.72
2018-06-08,44153.59600004297,28558.79722311001,61244.202116657405,41146.18
2018-06-09,35660.911456404065,19401.058752630855,51201.649066412596,40388.9
2018-06-10,36876.142607001166,20744.407166148983,53212.95777399301,35921.25
2018-06-11,46940.35658617452,31197.354381797915,62473.99918205151,76114.51
2018-06-12,47163.260786153674,31544.96937407192,62299.50295018682,57071.45
2018-06-13,45689.112045951035,30579.648255915385,60681.13152972876,52315.56
2018-06-14,45140.53236315736,27674.48038911857,59881.493539606454,37861.44
2018-06-15,44701.11889618875,28000.888398859526,60429.60676018924,36912.22
2018-06-16,36078.020659336944,19882.268503991083,52157.21438923289,31852.4
2018-06-17,37118.46835220622,21527.427105560633,53200.972137186975,25224.37
2018-06-18,46968.13419438802,30939.897578797554,61741.805036108286,49922.75
2018-06-19,46942.34041359794,30000.857969856057,62876.082793801375,49792.659999999996
2018-06-20,45191.86155554013,29218.2063688782,60929.92053930441,45459.07
2018-06-21,44346.613104722994,28679.0776628398,59788.55082961313,39785.07
2018-06-22,43598.116429150614,25991.85482798755,60430.179297271556,35040.229999999996
2018-06-23,34661.9150832296,18983.405930891127,50789.276278545454,25228.22
2018-06-24,35393.93188445696,19528.9679918729,51395.910549449945,33449.37
2018-06-25,44948.64690104994,29714.390448867987,60984.13442838695,52713.43
2018-06-26,44650.11849832019,29248.2605033906,60636.24420128482,51674.49
2018-06-27,42657.59628468624,26314.274611531524,57154.13780862903,39147.99
2018-06-28,41609.02222017312,26722.79698584978,57977.62542657025,47977.6
2018-06-29,40703.31370801956,25591.043919323547,54687.32281586769,29661.59
2018-06-30,31662.607468623326,16379.922412567106,46333.992125477474,21039.07
2018-07-01,32348.4572602352,15433.507722189957,47777.27396689564,38089.62
2018-07-02,41919.86904170111,26502.655709870167,57670.56797807857,47773.75
2018-07-03,41704.19892021788,25655.922865887394,57133.04352564479,40946.47
2018-07-04,39862.665587658805,23999.09974850405,56050.02744762144,49161.15
2018-07-05,39033.775974751305,22604.854139947325,54233.4049801192,49213.409999999996
2018-07-06,38415.55995551565,22646.720298700515,55487.97916560806,24124.98
2018-07-07,29727.794407732195,13806.875019866526,44296.23691822772,13956.64
2018-07-08,30828.210653937058,14282.725702106589,47211.76934277534,21935.07
2018-07-09,40870.569259573575,24487.377374636126,56508.779814527115,23822.6
2018-07-10,41175.62731403431,25909.74944747435,57080.53078100892,25623.55
2018-07-11,39896.74907203464,24971.401964240493,55029.404606636825,26960.72
2018-07-12,39663.45725433397,24229.853193822328,55705.50962470436,24640.01
2018-07-13,39663.81882056889,24697.10876876574,55847.57483564135,39241.01
2018-07-14,31606.84293981534,16274.426808944114,47725.42054672291,27946.56
2018-07-15,33338.88208374522,17846.259094041114,48389.648656091864,58183.47
2018-07-16,44001.916652708096,28723.815523259644,59434.92735090712,41065.83
2018-07-17,44904.74429132053,29908.898434116276,60456.308434389015,40526.18
2018-07-18,44188.82047366598,28589.352686221893,59755.25100245431,60931.85
2018-07-19,44472.04311409948,28489.66727410679,59662.88785837995,55019.71
2018-07-20,44931.37031820418,29011.930590398882,60536.246766675606,46608.64
2018-07-21,37265.44424219577,20621.597098133647,54197.663263690614,28750.49
2018-07-22,39311.20726766835,24091.980776987002,54557.231208134916,38209.18
2018-07-23,50202.38632615169,35105.51566415564,65665.80561062749,58509.03
2018-07-24,51240.862193132256,35381.612883957416,66500.62774477675,51108.58
2018-07-25,50562.66633522443,34740.7740584961,65683.73092172683,68297.49
2018-07-26,50781.89449846538,33610.511945303355,66988.01429119677,54368.56
2018-07-27,51073.42310007359,34333.27940888766,66129.85159397262,40470.5
2018-07-28,43135.59892914059,28243.057690244623,59561.0516439032,44092.45
2018-07-29,44806.886554648685,29821.95510893576,60430.94987431009,38009.89
2018-07-30,55224.34817007149,39480.352624531144,70533.67837365056,50605.32
2018-07-31,55694.97233073223,39285.87407125768,71029.18673745492,71989.03
2018-08-01,54361.59456320443,39400.10082908727,68734.62662611125,58269.69
2018-08-02,53846.70019573145,38738.96820710033,71700.43141242242,53334.82
2018-08-03,53334.997383420414,37948.6738983716,70273.36393615394,57348.09
2018-08-04,44535.933465650305,28324.686291935835,60538.13306334546,47200.6
2018-08-05,45300.14235934833,29167.578031796536,62202.554645579425,50174.88
2018-08-06,54777.70163273016,39396.054922452386,70156.76377845026,86669.3
2018-08-07,54289.2201631118,39159.87912938333,68956.59129830566,85572.92
2018-08-08,51991.50424523724,35565.53789995703,67321.00832962399,70605.79000000001
2018-08-09,50521.09772507098,34687.70614433337,65222.877291149016,55053.96
2018-08-10,49076.58958245532,33308.2955842689,63157.69502957724,42993.74
2018-08-11,39380.86765709852,23254.265728514725,54769.18731602852,36706.59
2018-08-12,39297.31176065057,23118.15151032573,54978.97478982459,49630.09
2018-08-13,47987.810217384715,33343.281401498614,64065.91990534101,52694.5
2018-08-14,46783.62586945056,31362.74979697574,62359.94183585381,58347.07
2018-08-15,43850.86416373178,28392.72981315326,60839.149054121604,58734.21
2018-08-16,41833.84314980998,25922.656271839976,57281.84766606261,49463.1
2018-08-17,39937.262473406314,24548.89669827739,56617.372074360166,44421.55
2018-08-18,29888.353036561155,13654.918591202651,45668.8692534558,30133.76
2018-08-19,29553.00278822866,14026.845228363409,45534.658337335764,34796.18
2018-08-20,38093.744095613794,21994.13933697508,53843.412361281495,47075.75
2018-08-21,36840.62929088802,21493.529867091118,52240.662784676606,34027.95
2018-08-22,33956.74670000017,19386.889552561006,49617.505645789286,29373.23
2018-08-23,32081.67580812348,15420.508413435093,47602.094409655176,22317.68
2018-08-24,30413.77662874089,15338.653764928906,45873.21556801606,14099.36
2018-08-25,20672.492131138843,4927.678434196363,36357.39034219431,12768.89
2018-08-26,20714.655637680946,4104.378527542182,37471.37983035353,10428.77
2018-08-27,29692.684433664243,14929.871506385147,45199.73222184268,6683.320000000001
2018-08-28,28925.681419026325,12349.548506096035,44600.74274539893,5012.7
2018-08-29,26565.19189648024,11294.756790121992,41126.64222176931,4262.66
2018-08-30,25238.90861509843,10280.861313076424,42333.94035460861,
2018-08-31,24133.214408041575,7710.389271193097,39969.67476975505,
2018-09-01,14955.735495762894,-1565.0768268988456,32007.628697911907,
2018-09-02,15551.891665584515,577.7689374589208,31541.857009019237,
2018-09-03,25063.319090843142,7709.311842973381,41303.42152415191,
2018-09-04,24799.182492603286,9586.597504456795,41530.544979596794,
